id,rule,base,context,ticker,n_events,n,win_pct,stop_pct,net_all,net_counted,ex_best,folds_pos,folds_counted,total_R,maxDD_R,worst_streak
42,donchian10+none,donchian10,none,BTC,103,112,38.392857142857146,58.92857142857143,0.15146428571428575,0.1514642857142857,-0.07314772727272728,2,4,16.96400000000001,14.729,6
43,donchian10+above_sma200,donchian10,above_sma200,BTC,33,34,35.294117647058826,55.88235294117647,0.12705882352941178,,,1,2,4.32,6.415999999999999,7
44,donchian10+btc_above_sma200,donchian10,btc_above_sma200,BTC,33,34,35.294117647058826,55.88235294117647,0.12705882352941178,,,1,2,4.32,6.415999999999999,7
45,donchian10+lowvol,donchian10,lowvol,BTC,31,33,33.33333333333333,66.66666666666666,-0.03436363636363631,,,0,1,-1.1339999999999975,11.517999999999997,9
46,donchian20+none,donchian20,none,BTC,75,81,38.2716049382716,59.25925925925925,0.14522222222222228,0.14522222222222228,-0.15532258064516122,2,4,11.763000000000005,16.110999999999997,7
47,donchian20+above_sma200,donchian20,above_sma200,BTC,26,27,37.03703703703704,55.55555555555556,0.16107407407407415,,,1,2,4.349000000000001,6.3279999999999985,7
48,donchian20+btc_above_sma200,donchian20,btc_above_sma200,BTC,26,27,37.03703703703704,55.55555555555556,0.16107407407407415,,,1,2,4.349000000000001,6.3279999999999985,7
49,donchian20+lowvol,donchian20,lowvol,BTC,24,25,32.0,68.0,-0.07591999999999997,,,0,1,-1.8979999999999968,10.477999999999998,8
50,donchian55+none,donchian55,none,BTC,47,51,35.294117647058826,62.745098039215684,0.05519607843137259,0.09975510204081632,-0.21181081081081077,1,3,2.815000000000002,15.643999999999998,6
51,donchian55+above_sma200,donchian55,above_sma200,BTC,22,23,39.130434782608695,56.52173913043478,0.19239130434782611,,,1,2,4.425000000000002,5.301999999999999,6
52,donchian55+btc_above_sma200,donchian55,btc_above_sma200,BTC,22,23,39.130434782608695,56.52173913043478,0.19239130434782611,,,1,2,4.425000000000002,5.301999999999999,6
53,donchian55+lowvol,donchian55,lowvol,BTC,12,13,15.384615384615385,84.61538461538461,-0.5641538461538461,,,0,1,-7.333999999999998,8.282999999999998,7
54,emacross9_21+none,emacross9_21,none,BTC,20,21,38.095238095238095,57.14285714285714,0.1565238095238095,,,0,0,3.2869999999999995,7.203,7
55,emacross9_21+above_sma200,emacross9_21,above_sma200,BTC,7,7,42.857142857142854,42.857142857142854,0.4064285714285715,,,0,0,2.845,1.04,2
56,emacross9_21+btc_above_sma200,emacross9_21,btc_above_sma200,BTC,7,7,42.857142857142854,42.857142857142854,0.4064285714285715,,,0,0,2.845,1.04,2
57,emacross9_21+lowvol,emacross9_21,lowvol,BTC,8,8,37.5,62.5,0.081875,,,0,0,0.6550000000000002,3.088,3
58,emacross20_50+none,emacross20_50,none,BTC,9,10,50.0,40.0,0.557,,,0,0,5.57,3.1129999999999995,3
59,emacross20_50+above_sma200,emacross20_50,above_sma200,BTC,3,3,66.66666666666666,0.0,1.2813333333333332,,,0,0,3.844,0.0990000000000002,1
60,emacross20_50+btc_above_sma200,emacross20_50,btc_above_sma200,BTC,3,3,66.66666666666666,0.0,1.2813333333333332,,,0,0,3.844,0.0990000000000002,1
61,emacross20_50+lowvol,emacross20_50,lowvol,BTC,3,3,33.33333333333333,66.66666666666666,-0.03200000000000003,,,0,0,-0.09600000000000009,1.0300000000000002,2
62,emacross50_200+none,emacross50_200,none,BTC,4,5,20.0,80.0,-0.4395999999999999,,,0,0,-2.1979999999999995,4.1499999999999995,4
63,emacross50_200+above_sma200,emacross50_200,above_sma200,BTC,2,2,0.0,100.0,-1.029,,,0,0,-2.058,1.031,2
64,emacross50_200+btc_above_sma200,emacross50_200,btc_above_sma200,BTC,2,2,0.0,100.0,-1.029,,,0,0,-2.058,1.031,2
65,emacross50_200+lowvol,emacross50_200,lowvol,BTC,1,1,0.0,100.0,-1.027,,,0,0,-1.027,0.0,1
66,pullback_sma100_ema10+none,pullback_sma100_ema10,none,BTC,49,51,31.372549019607842,68.62745098039215,-0.09345098039215682,-0.054693877551020384,-0.24647058823529408,1,3,-4.765999999999999,13.535,10
67,pullback_sma100_ema10+above_sma200,pullback_sma100_ema10,above_sma200,BTC,35,36,22.22222222222222,77.77777777777779,-0.37325,,,0,2,-13.436999999999998,15.403999999999998,9
68,pullback_sma100_ema10+btc_above_sma200,pullback_sma100_ema10,btc_above_sma200,BTC,35,36,22.22222222222222,77.77777777777779,-0.37325,,,0,2,-13.436999999999998,15.403999999999998,9
69,pullback_sma100_ema10+lowvol,pullback_sma100_ema10,lowvol,BTC,33,33,18.181818181818183,81.81818181818183,-0.49463636363636365,,,0,1,-16.322999999999997,18.212999999999997,11
70,pullback_sma100_ema20+none,pullback_sma100_ema20,none,BTC,21,21,38.095238095238095,61.904761904761905,0.11200000000000002,,,0,1,2.3520000000000003,7.548,6
71,pullback_sma100_ema20+above_sma200,pullback_sma100_ema20,above_sma200,BTC,17,17,23.52941176470588,76.47058823529412,-0.32829411764705885,,,0,1,-5.5809999999999995,7.548,6
72,pullback_sma100_ema20+btc_above_sma200,pullback_sma100_ema20,btc_above_sma200,BTC,17,17,23.52941176470588,76.47058823529412,-0.32829411764705885,,,0,1,-5.5809999999999995,7.548,6
73,pullback_sma100_ema20+lowvol,pullback_sma100_ema20,lowvol,BTC,12,12,16.666666666666664,83.33333333333334,-0.5363333333333332,,,0,0,-6.436,10.379,10
74,pullback_sma200_ema10+none,pullback_sma200_ema10,none,BTC,38,39,25.64102564102564,74.35897435897436,-0.271102564102564,,,0,2,-10.573,12.540000000000001,8
75,pullback_sma200_ema10+above_sma200,pullback_sma200_ema10,above_sma200,BTC,38,39,25.64102564102564,74.35897435897436,-0.271102564102564,,,0,2,-10.573,12.540000000000001,8
76,pullback_sma200_ema10+btc_above_sma200,pullback_sma200_ema10,btc_above_sma200,BTC,38,39,25.64102564102564,74.35897435897436,-0.271102564102564,,,0,2,-10.573,12.540000000000001,8
77,pullback_sma200_ema10+lowvol,pullback_sma200_ema10,lowvol,BTC,27,27,14.814814814814813,85.18518518518519,-0.5977407407407407,,,0,1,-16.139,18.105999999999998,9
78,pullback_sma200_ema20+none,pullback_sma200_ema20,none,BTC,21,22,27.27272727272727,68.18181818181817,-0.16372727272727267,,,0,1,-3.6019999999999985,6.443999999999999,4
79,pullback_sma200_ema20+above_sma200,pullback_sma200_ema20,above_sma200,BTC,21,22,27.27272727272727,68.18181818181817,-0.16372727272727267,,,0,1,-3.6019999999999985,6.443999999999999,4
80,pullback_sma200_ema20+btc_above_sma200,pullback_sma200_ema20,btc_above_sma200,BTC,21,22,27.27272727272727,68.18181818181817,-0.16372727272727267,,,0,1,-3.6019999999999985,6.443999999999999,4
81,pullback_sma200_ema20+lowvol,pullback_sma200_ema20,lowvol,BTC,11,11,9.090909090909092,90.9090909090909,-0.7647272727272726,,,0,0,-8.411999999999999,10.379,10
82,rsi14_exit25+none,rsi14_exit25,none,BTC,8,8,37.5,62.5,0.09950000000000009,,,0,0,0.7960000000000007,4.048,4
83,rsi14_exit25+above_sma200,rsi14_exit25,above_sma200,BTC,1,1,0.0,100.0,-1.007,,,0,0,-1.007,0.0,1
84,rsi14_exit25+btc_above_sma200,rsi14_exit25,btc_above_sma200,BTC,1,1,0.0,100.0,-1.007,,,0,0,-1.007,0.0,1
85,rsi14_exit25+lowvol,rsi14_exit25,lowvol,BTC,3,3,100.0,0.0,1.9503333333333333,,,0,0,5.851,0.0,0
86,rsi14_exit30+none,rsi14_exit30,none,BTC,14,15,33.33333333333333,66.66666666666666,-0.021999999999999947,,,0,0,-0.3299999999999992,3.058,4
87,rsi14_exit30+above_sma200,rsi14_exit30,above_sma200,BTC,4,4,25.0,75.0,-0.2769999999999999,,,0,0,-1.1079999999999997,1.052,2
88,rsi14_exit30+btc_above_sma200,rsi14_exit30,btc_above_sma200,BTC,4,4,25.0,75.0,-0.2769999999999999,,,0,0,-1.1079999999999997,1.052,2
89,rsi14_exit30+lowvol,rsi14_exit30,lowvol,BTC,5,6,50.0,50.0,0.4765,,,0,0,2.859,2.05,2
90,rsi14_exit35+none,rsi14_exit35,none,BTC,30,33,27.27272727272727,72.72727272727273,-0.20612121212121207,,,0,2,-6.801999999999998,8.660999999999998,5
91,rsi14_exit35+above_sma200,rsi14_exit35,above_sma200,BTC,6,6,16.666666666666664,83.33333333333334,-0.527,,,0,0,-3.1620000000000004,3.066,4
92,rsi14_exit35+btc_above_sma200,rsi14_exit35,btc_above_sma200,BTC,6,6,16.666666666666664,83.33333333333334,-0.527,,,0,0,-3.1620000000000004,3.066,4
93,rsi14_exit35+lowvol,rsi14_exit35,lowvol,BTC,10,11,36.36363636363637,63.63636363636363,0.06327272727272729,,,0,0,0.6960000000000004,4.1209999999999996,4
94,rsi7_cross50+none,rsi7_cross50,none,BTC,73,75,38.666666666666664,61.33333333333333,0.12457333333333336,0.12457333333333333,0.012245614035087726,2,4,9.343000000000002,11.478999999999996,10
95,rsi7_cross50+above_sma200,rsi7_cross50,above_sma200,BTC,29,29,31.03448275862069,68.96551724137932,-0.10979310344827585,,,0,1,-3.1839999999999997,5.755000000000001,5
96,rsi7_cross50+btc_above_sma200,rsi7_cross50,btc_above_sma200,BTC,29,29,31.03448275862069,68.96551724137932,-0.10979310344827585,,,0,1,-3.1839999999999997,5.755000000000001,5
97,rsi7_cross50+lowvol,rsi7_cross50,lowvol,BTC,35,35,28.57142857142857,71.42857142857143,-0.18580000000000002,,,0,1,-6.502999999999998,10.445999999999998,6
98,rsi14_cross50+none,rsi14_cross50,none,BTC,41,42,33.33333333333333,64.28571428571429,-0.007428571428571377,,,0,2,-0.31199999999999917,10.177999999999999,4
99,rsi14_cross50+above_sma200,rsi14_cross50,above_sma200,BTC,19,19,15.789473684210526,78.94736842105263,-0.498,,,0,1,-9.462,11.429,4
100,rsi14_cross50+btc_above_sma200,rsi14_cross50,btc_above_sma200,BTC,19,19,15.789473684210526,78.94736842105263,-0.498,,,0,1,-9.462,11.429,4
101,rsi14_cross50+lowvol,rsi14_cross50,lowvol,BTC,21,22,27.27272727272727,72.72727272727273,-0.22295454545454538,,,0,0,-4.904999999999999,8.847999999999999,7
102,roc10_zero+none,roc10_zero,none,BTC,86,97,35.051546391752574,63.91752577319587,0.024268041237113434,0.024268041237113434,-0.01488749999999997,2,4,2.354000000000003,12.050999999999998,8
103,roc10_zero+above_sma200,roc10_zero,above_sma200,BTC,31,34,32.35294117647059,64.70588235294117,-0.038323529411764694,,,0,1,-1.302999999999999,7.305,7
104,roc10_zero+btc_above_sma200,roc10_zero,btc_above_sma200,BTC,31,34,32.35294117647059,64.70588235294117,-0.038323529411764694,,,0,1,-1.302999999999999,7.305,7
105,roc10_zero+lowvol,roc10_zero,lowvol,BTC,41,45,31.11111111111111,68.88888888888889,-0.11635555555555555,-0.12259523809523808,-0.30424999999999996,1,3,-5.236000000000001,10.896,8
106,roc20_zero+none,roc20_zero,none,BTC,55,57,36.84210526315789,61.40350877192983,0.09014035087719298,0.090140350877193,0.013978260869565232,3,4,5.1380000000000035,8.677999999999999,7
107,roc20_zero+above_sma200,roc20_zero,above_sma200,BTC,17,18,38.88888888888889,55.55555555555556,0.19005555555555556,,,0,0,3.4210000000000003,4.087,4
108,roc20_zero+btc_above_sma200,roc20_zero,btc_above_sma200,BTC,17,18,38.88888888888889,55.55555555555556,0.19005555555555556,,,0,0,3.4210000000000003,4.087,4
109,roc20_zero+lowvol,roc20_zero,lowvol,BTC,24,25,32.0,68.0,-0.07727999999999997,,,0,1,-1.9319999999999997,4.346,4
110,roc60_zero+none,roc60_zero,none,BTC,19,21,42.857142857142854,52.38095238095239,0.2995238095238095,,,0,0,6.29,6.332000000000001,6
111,roc60_zero+above_sma200,roc60_zero,above_sma200,BTC,4,5,40.0,40.0,0.38239999999999996,,,0,0,1.912,2.0660000000000003,2
112,roc60_zero+btc_above_sma200,roc60_zero,btc_above_sma200,BTC,4,5,40.0,40.0,0.38239999999999996,,,0,0,1.912,2.0660000000000003,2
113,roc60_zero+lowvol,roc60_zero,lowvol,BTC,14,16,37.5,62.5,0.0868125,,,0,0,1.3890000000000007,9.254,9
114,ttm_release+none,ttm_release,none,BTC,30,31,22.58064516129032,74.19354838709677,-0.32283870967741934,,,0,1,-10.007999999999997,11.510999999999997,6
115,ttm_release+above_sma200,ttm_release,above_sma200,BTC,12,12,25.0,66.66666666666666,-0.19483333333333333,,,0,0,-2.3379999999999996,4.319,4
116,ttm_release+btc_above_sma200,ttm_release,btc_above_sma200,BTC,12,12,25.0,66.66666666666666,-0.19483333333333333,,,0,0,-2.3379999999999996,4.319,4
117,ttm_release+lowvol,ttm_release,lowvol,BTC,19,19,21.052631578947366,78.94736842105263,-0.4042105263157894,,,0,0,-7.679999999999997,9.648999999999997,5
118,nr7+none,nr7,none,BTC,157,169,30.17751479289941,69.8224852071006,-0.13384615384615384,-0.1338461538461538,-0.17947540983606552,0,4,-22.61999999999999,29.099000000000004,17
119,nr7+above_sma200,nr7,above_sma200,BTC,51,52,28.846153846153843,71.15384615384616,-0.17907692307692297,,,0,2,-9.311999999999998,14.058999999999997,8
120,nr7+btc_above_sma200,nr7,btc_above_sma200,BTC,51,52,28.846153846153843,71.15384615384616,-0.17907692307692297,,,0,2,-9.311999999999998,14.058999999999997,8
121,nr7+lowvol,nr7,lowvol,BTC,75,83,27.710843373493976,72.28915662650603,-0.21542168674698794,-0.21542168674698794,-0.33664285714285713,1,4,-17.88,23.069000000000003,14
122,nr4+none,nr4,none,BTC,271,305,29.18032786885246,69.50819672131148,-0.14330163934426227,-0.14330163934426227,-0.2027688888888889,1,4,-43.70699999999999,49.804999999999986,13
123,nr4+above_sma200,nr4,above_sma200,BTC,89,92,28.26086956521739,68.47826086956522,-0.14219565217391306,,,1,2,-13.081999999999997,15.050999999999997,9
124,nr4+btc_above_sma200,nr4,btc_above_sma200,BTC,89,92,28.26086956521739,68.47826086956522,-0.14219565217391306,,,1,2,-13.081999999999997,15.050999999999997,9
125,nr4+lowvol,nr4,lowvol,BTC,130,147,26.53061224489796,73.46938775510205,-0.2461224489795918,-0.24612244897959185,-0.24801562500000002,0,4,-36.180000000000014,39.81300000000001,17
126,bbw_p10_expand+none,bbw_p10_expand,none,BTC,34,35,45.714285714285715,54.285714285714285,0.32654285714285713,,,1,1,11.429000000000004,4.135,4
127,bbw_p10_expand+above_sma200,bbw_p10_expand,above_sma200,BTC,13,13,38.46153846153847,61.53846153846154,0.11815384615384618,,,0,0,1.5360000000000003,6.254,6
128,bbw_p10_expand+btc_above_sma200,bbw_p10_expand,btc_above_sma200,BTC,13,13,38.46153846153847,61.53846153846154,0.11815384615384618,,,0,0,1.5360000000000003,6.254,6
129,bbw_p10_expand+lowvol,bbw_p10_expand,lowvol,BTC,29,30,46.666666666666664,53.333333333333336,0.3540000000000001,,,0,0,10.620000000000003,4.1049999999999995,4
130,bbw_p20_expand+none,bbw_p20_expand,none,BTC,61,69,39.130434782608695,60.86956521739131,0.13223188405797104,0.13223188405797107,-0.042645833333333306,2,4,9.123999999999999,8.677999999999997,8
131,bbw_p20_expand+above_sma200,bbw_p20_expand,above_sma200,BTC,26,31,29.03225806451613,70.96774193548387,-0.16787096774193544,,,0,2,-5.203999999999999,11.104999999999999,7
132,bbw_p20_expand+btc_above_sma200,bbw_p20_expand,btc_above_sma200,BTC,26,31,29.03225806451613,70.96774193548387,-0.16787096774193544,,,0,2,-5.203999999999999,11.104999999999999,7
133,bbw_p20_expand+lowvol,bbw_p20_expand,lowvol,BTC,46,52,38.46153846153847,61.53846153846154,0.11134615384615383,0.11134615384615386,-0.04338095238095232,2,4,5.7900000000000045,8.668999999999999,8
134,volbreak1+none,volbreak1,none,BTC,72,73,35.61643835616438,61.64383561643836,0.07027397260273974,0.07027397260273974,-0.1760943396226415,1,4,5.130000000000001,19.073,8
135,volbreak1+above_sma200,volbreak1,above_sma200,BTC,28,29,37.93103448275862,55.172413793103445,0.18141379310344832,,,1,1,5.2609999999999975,6.149,7
136,volbreak1+btc_above_sma200,volbreak1,btc_above_sma200,BTC,28,29,37.93103448275862,55.172413793103445,0.18141379310344832,,,1,1,5.2609999999999975,6.149,7
137,volbreak1+lowvol,volbreak1,lowvol,BTC,25,25,16.0,84.0,-0.5501199999999999,,,0,0,-13.752999999999997,13.537999999999997,11
138,volbreak1.5+none,volbreak1.5,none,BTC,29,29,48.275862068965516,44.827586206896555,0.4935862068965519,,,1,1,14.314000000000005,3.2039999999999997,3
139,volbreak1.5+above_sma200,volbreak1.5,above_sma200,BTC,15,15,53.333333333333336,33.33333333333333,0.7113333333333335,,,1,1,10.670000000000002,3.062999999999999,2
140,volbreak1.5+btc_above_sma200,volbreak1.5,btc_above_sma200,BTC,15,15,53.333333333333336,33.33333333333333,0.7113333333333335,,,1,1,10.670000000000002,3.062999999999999,2
141,volbreak1.5+lowvol,volbreak1.5,lowvol,BTC,6,6,33.33333333333333,66.66666666666666,-0.039499999999999945,,,0,0,-0.23699999999999966,2.0839999999999996,2
142,wide_range_up+none,wide_range_up,none,BTC,22,23,43.47826086956522,52.17391304347826,0.32299999999999995,,,0,0,7.428999999999999,6.103,6
143,wide_range_up+above_sma200,wide_range_up,above_sma200,BTC,11,11,54.54545454545454,36.36363636363637,0.7014545454545454,,,0,0,7.716,2.077,2
144,wide_range_up+btc_above_sma200,wide_range_up,btc_above_sma200,BTC,11,11,54.54545454545454,36.36363636363637,0.7014545454545454,,,0,0,7.716,2.077,2
145,wide_range_up+lowvol,wide_range_up,lowvol,BTC,7,7,14.285714285714285,85.71428571428571,-0.6020000000000001,,,0,0,-4.214,4.117,5
146,three_inside_up+none,three_inside_up,none,BTC,1,1,100.0,0.0,1.91,,,0,0,1.91,0.0,0
147,three_inside_up+above_sma200,three_inside_up,above_sma200,BTC,1,1,100.0,0.0,1.91,,,0,0,1.91,0.0,0
148,three_inside_up+btc_above_sma200,three_inside_up,btc_above_sma200,BTC,1,1,100.0,0.0,1.91,,,0,0,1.91,0.0,0
149,three_inside_up+lowvol,three_inside_up,lowvol,BTC,1,1,100.0,0.0,1.91,,,0,0,1.91,0.0,0
150,vol_thrust+none,vol_thrust,none,BTC,34,35,34.285714285714285,65.71428571428571,0.003314285714285736,,,1,2,0.11600000000000255,12.485,10
151,vol_thrust+above_sma200,vol_thrust,above_sma200,BTC,12,12,41.66666666666667,58.333333333333336,0.2214166666666667,,,0,0,2.6570000000000005,3.1199999999999997,3
152,vol_thrust+btc_above_sma200,vol_thrust,btc_above_sma200,BTC,12,12,41.66666666666667,58.333333333333336,0.2214166666666667,,,0,0,2.6570000000000005,3.1199999999999997,3
153,vol_thrust+lowvol,vol_thrust,lowvol,BTC,13,14,28.57142857142857,71.42857142857143,-0.17192857142857143,,,0,0,-2.407,4.081,5
154,obv_break20+none,obv_break20,none,BTC,99,109,32.11009174311927,66.97247706422019,-0.057458715596330256,-0.057458715596330236,-0.1144383561643835,2,4,-6.2629999999999955,14.637999999999998,7
155,obv_break20+above_sma200,obv_break20,above_sma200,BTC,32,40,32.5,65.0,-0.034100000000000005,,,1,2,-1.3640000000000012,9.663,5
156,obv_break20+btc_above_sma200,obv_break20,btc_above_sma200,BTC,32,40,32.5,65.0,-0.034100000000000005,,,1,2,-1.3640000000000012,9.663,5
157,obv_break20+lowvol,obv_break20,lowvol,BTC,34,40,25.0,75.0,-0.2844999999999999,-0.2634857142857143,-0.4035,1,3,-11.38,11.744,6
158,weekly_cross10w+none,weekly_cross10w,none,BTC,10,10,30.0,60.0,-0.005400000000000025,,,0,0,-0.05400000000000002,5.17,5
159,weekly_cross10w+above_sma200,weekly_cross10w,above_sma200,BTC,5,5,20.0,60.0,-0.17719999999999997,,,0,0,-0.8859999999999999,2.053,2
160,weekly_cross10w+btc_above_sma200,weekly_cross10w,btc_above_sma200,BTC,5,5,20.0,60.0,-0.17719999999999997,,,0,0,-0.8859999999999999,2.053,2
161,weekly_cross10w+lowvol,weekly_cross10w,lowvol,BTC,5,5,20.0,80.0,-0.4315999999999999,,,0,0,-2.1579999999999995,3.1159999999999997,3
42,donchian10+none,donchian10,none,ETH,118,132,33.33333333333333,66.66666666666666,-0.023757575757575724,-0.023757575757575713,-0.04179090909090905,2,4,-3.135999999999996,16.783,15
43,donchian10+above_sma200,donchian10,above_sma200,ETH,52,55,30.909090909090907,69.0909090909091,-0.0971090909090909,,,1,2,-5.340999999999996,22.965999999999994,11
44,donchian10+btc_above_sma200,donchian10,btc_above_sma200,ETH,41,43,16.27906976744186,83.72093023255815,-0.5384651162790698,,,0,2,-23.153999999999996,27.012999999999998,15
45,donchian10+lowvol,donchian10,lowvol,ETH,64,69,37.68115942028986,62.31884057971014,0.10379710144927543,0.1037971014492754,0.07400000000000004,3,4,7.162000000000004,16.485,12
46,donchian20+none,donchian20,none,ETH,84,92,30.434782608695656,69.56521739130434,-0.10960869565217388,-0.10960869565217388,-0.2191923076923077,2,4,-10.083999999999996,19.148999999999997,12
47,donchian20+above_sma200,donchian20,above_sma200,ETH,39,41,24.390243902439025,75.60975609756098,-0.29275609756097554,,,0,2,-12.003,19.722,12
48,donchian20+btc_above_sma200,donchian20,btc_above_sma200,ETH,31,33,15.151515151515152,84.84848484848484,-0.5713030303030302,,,0,2,-18.852999999999998,22.711999999999996,16
49,donchian20+lowvol,donchian20,lowvol,ETH,46,49,32.6530612244898,67.3469387755102,-0.046408163265306085,-0.046408163265306106,-0.18182051282051281,2,4,-2.273999999999998,14.520999999999999,10
50,donchian55+none,donchian55,none,ETH,60,66,28.78787878787879,71.21212121212122,-0.15704545454545452,-0.12019999999999992,-0.42647999999999997,1,3,-10.364999999999998,20.146,12
51,donchian55+above_sma200,donchian55,above_sma200,ETH,31,33,24.242424242424242,75.75757575757575,-0.2964242424242424,,,0,2,-9.782,17.559,10
52,donchian55+btc_above_sma200,donchian55,btc_above_sma200,ETH,26,28,14.285714285714285,85.71428571428571,-0.5960714285714285,,,0,1,-16.69,20.549,20
53,donchian55+lowvol,donchian55,lowvol,ETH,33,35,28.57142857142857,71.42857142857143,-0.16674285714285708,,,0,1,-5.835999999999999,16.61,14
54,emacross9_21+none,emacross9_21,none,ETH,22,23,34.78260869565217,65.21739130434783,0.01565217391304355,,,0,0,0.36000000000000076,5.176,5
55,emacross9_21+above_sma200,emacross9_21,above_sma200,ETH,9,9,22.22222222222222,77.77777777777779,-0.3603333333333333,,,0,0,-3.2430000000000003,4.2090000000000005,3
56,emacross9_21+btc_above_sma200,emacross9_21,btc_above_sma200,ETH,7,7,14.285714285714285,85.71428571428571,-0.6012857142857143,,,0,0,-4.2090000000000005,3.1850000000000005,3
57,emacross9_21+lowvol,emacross9_21,lowvol,ETH,10,10,30.0,70.0,-0.13099999999999995,,,0,0,-1.3099999999999992,4.25,3
58,emacross20_50+none,emacross20_50,none,ETH,11,11,36.36363636363637,63.63636363636363,0.061818181818181876,,,0,0,0.6800000000000006,4.169,3
59,emacross20_50+above_sma200,emacross20_50,above_sma200,ETH,4,4,25.0,75.0,-0.28325,,,0,0,-1.133,2.074,3
60,emacross20_50+btc_above_sma200,emacross20_50,btc_above_sma200,ETH,3,3,33.33333333333333,66.66666666666666,-0.038333333333333254,,,0,0,-0.11499999999999977,1.0519999999999998,2
61,emacross20_50+lowvol,emacross20_50,lowvol,ETH,7,7,42.857142857142854,57.14285714285714,0.25242857142857145,,,0,0,1.7670000000000001,2.049,2
62,emacross50_200+none,emacross50_200,none,ETH,3,3,33.33333333333333,66.66666666666666,-0.026333333333333247,,,0,0,-0.07899999999999974,2.058,2
63,emacross50_200+above_sma200,emacross50_200,above_sma200,ETH,1,1,0.0,100.0,-1.031,,,0,0,-1.031,0.0,1
64,emacross50_200+btc_above_sma200,emacross50_200,btc_above_sma200,ETH,1,1,0.0,100.0,-1.031,,,0,0,-1.031,0.0,1
65,emacross50_200+lowvol,emacross50_200,lowvol,ETH,0,0,,,,,,0,0,,,0
66,pullback_sma100_ema10+none,pullback_sma100_ema10,none,ETH,60,66,25.757575757575758,74.24242424242425,-0.2546666666666666,-0.2650508474576271,-0.3344883720930232,0,3,-16.807999999999996,20.680999999999997,8
67,pullback_sma100_ema10+above_sma200,pullback_sma100_ema10,above_sma200,ETH,44,50,22.0,78.0,-0.36965999999999993,,,0,2,-18.482999999999993,18.434999999999995,7
68,pullback_sma100_ema10+btc_above_sma200,pullback_sma100_ema10,btc_above_sma200,ETH,39,45,22.22222222222222,77.77777777777779,-0.36468888888888884,,,0,2,-16.410999999999998,17.317999999999998,7
69,pullback_sma100_ema10+lowvol,pullback_sma100_ema10,lowvol,ETH,40,45,24.444444444444443,75.55555555555556,-0.29771111111111104,,,0,2,-13.397,16.329,7
70,pullback_sma100_ema20+none,pullback_sma100_ema20,none,ETH,33,39,28.205128205128204,71.7948717948718,-0.18156410256410252,,,0,2,-7.080999999999999,12.913999999999998,11
71,pullback_sma100_ema20+above_sma200,pullback_sma100_ema20,above_sma200,ETH,25,29,20.689655172413794,79.3103448275862,-0.4087586206896551,,,0,2,-11.853999999999996,14.741999999999996,14
72,pullback_sma100_ema20+btc_above_sma200,pullback_sma100_ema20,btc_above_sma200,ETH,24,28,21.428571428571427,78.57142857142857,-0.3871785714285715,,,0,2,-10.840999999999998,14.632999999999997,14
73,pullback_sma100_ema20+lowvol,pullback_sma100_ema20,lowvol,ETH,25,30,30.0,70.0,-0.12986666666666663,,,0,1,-3.895999999999999,9.306,8
74,pullback_sma200_ema10+none,pullback_sma200_ema10,none,ETH,47,53,22.641509433962266,77.35849056603774,-0.35186792452830185,,,0,2,-18.649,18.601,7
75,pullback_sma200_ema10+above_sma200,pullback_sma200_ema10,above_sma200,ETH,47,53,22.641509433962266,77.35849056603774,-0.35186792452830185,,,0,2,-18.649,18.601,7
76,pullback_sma200_ema10+btc_above_sma200,pullback_sma200_ema10,btc_above_sma200,ETH,41,47,23.404255319148938,76.59574468085107,-0.3311063829787234,,,0,2,-15.561999999999998,16.468999999999998,7
77,pullback_sma200_ema10+lowvol,pullback_sma200_ema10,lowvol,ETH,32,37,24.324324324324326,75.67567567567568,-0.30556756756756753,,,0,2,-11.306,12.213,7
78,pullback_sma200_ema20+none,pullback_sma200_ema20,none,ETH,28,32,21.875,78.125,-0.3726875,,,0,2,-11.925999999999995,15.785999999999994,14
79,pullback_sma200_ema20+above_sma200,pullback_sma200_ema20,above_sma200,ETH,28,32,21.875,78.125,-0.3726875,,,0,2,-11.925999999999995,15.785999999999994,14
80,pullback_sma200_ema20+btc_above_sma200,pullback_sma200_ema20,btc_above_sma200,ETH,25,29,20.689655172413794,79.3103448275862,-0.40962068965517245,,,0,2,-11.878999999999998,15.670999999999998,14
81,pullback_sma200_ema20+lowvol,pullback_sma200_ema20,lowvol,ETH,19,22,22.727272727272727,77.27272727272727,-0.35077272727272724,,,0,1,-7.716999999999999,10.604999999999999,8
82,rsi14_exit25+none,rsi14_exit25,none,ETH,4,4,25.0,75.0,-0.27974999999999994,,,0,0,-1.1189999999999998,3.1079999999999997,3
83,rsi14_exit25+above_sma200,rsi14_exit25,above_sma200,ETH,0,0,,,,,,0,0,,,0
84,rsi14_exit25+btc_above_sma200,rsi14_exit25,btc_above_sma200,ETH,0,0,,,,,,0,0,,,0
85,rsi14_exit25+lowvol,rsi14_exit25,lowvol,ETH,2,2,0.0,100.0,-1.049,,,0,0,-2.098,1.045,2
86,rsi14_exit30+none,rsi14_exit30,none,ETH,11,12,33.33333333333333,66.66666666666666,-0.025333333333333263,,,0,0,-0.30399999999999916,6.174999999999999,5
87,rsi14_exit30+above_sma200,rsi14_exit30,above_sma200,ETH,0,0,,,,,,0,0,,,0
88,rsi14_exit30+btc_above_sma200,rsi14_exit30,btc_above_sma200,ETH,0,0,,,,,,0,0,,,0
89,rsi14_exit30+lowvol,rsi14_exit30,lowvol,ETH,5,6,33.33333333333333,66.66666666666666,-0.031166666666666638,,,0,0,-0.18699999999999983,4.1,4
90,rsi14_exit35+none,rsi14_exit35,none,ETH,18,18,33.33333333333333,66.66666666666666,-0.022499999999999926,,,0,0,-0.4049999999999978,7.179999999999998,7
91,rsi14_exit35+above_sma200,rsi14_exit35,above_sma200,ETH,6,6,50.0,50.0,0.48000000000000015,,,0,0,2.880000000000001,1.016,2
92,rsi14_exit35+btc_above_sma200,rsi14_exit35,btc_above_sma200,ETH,3,3,66.66666666666666,33.33333333333333,0.9576666666666668,,,0,0,2.873,1.057,1
93,rsi14_exit35+lowvol,rsi14_exit35,lowvol,ETH,5,5,40.0,60.0,0.16660000000000003,,,0,0,0.8330000000000002,1.057,2
94,rsi7_cross50+none,rsi7_cross50,none,ETH,84,93,33.33333333333333,66.66666666666666,-0.028021505376344062,-0.028021505376344027,-0.18040298507462682,2,4,-2.605999999999995,18.218999999999998,8
95,rsi7_cross50+above_sma200,rsi7_cross50,above_sma200,ETH,42,47,19.148936170212767,80.85106382978722,-0.45534042553191484,,,0,2,-21.401,22.376,12
96,rsi7_cross50+btc_above_sma200,rsi7_cross50,btc_above_sma200,ETH,36,40,22.5,77.5,-0.35862499999999997,,,0,2,-14.344999999999999,15.319999999999999,12
97,rsi7_cross50+lowvol,rsi7_cross50,lowvol,ETH,42,47,31.914893617021278,68.08510638297872,-0.07659574468085105,,,0,2,-3.5999999999999983,10.431,7
98,rsi14_cross50+none,rsi14_cross50,none,ETH,50,62,43.54838709677419,56.451612903225815,0.2776612903225807,0.17041818181818183,0.01688372093023258,2,3,17.214999999999996,8.497,7
99,rsi14_cross50+above_sma200,rsi14_cross50,above_sma200,ETH,31,39,30.76923076923077,69.23076923076923,-0.10599999999999998,,,0,2,-4.1339999999999995,14.841000000000001,13
100,rsi14_cross50+btc_above_sma200,rsi14_cross50,btc_above_sma200,ETH,26,33,27.27272727272727,72.72727272727273,-0.21299999999999997,,,0,2,-7.0289999999999955,14.840999999999996,13
101,rsi14_cross50+lowvol,rsi14_cross50,lowvol,ETH,30,38,47.368421052631575,52.63157894736842,0.38981578947368417,,,2,2,14.813000000000006,6.284999999999998,6
102,roc10_zero+none,roc10_zero,none,ETH,70,73,31.506849315068493,68.4931506849315,-0.08556164383561642,-0.0855616438356164,-0.16827118644067793,1,4,-6.245999999999998,13.756999999999998,9
103,roc10_zero+above_sma200,roc10_zero,above_sma200,ETH,30,31,32.25806451612903,67.74193548387096,-0.06629032258064513,,,1,2,-2.054999999999999,7.183,7
104,roc10_zero+btc_above_sma200,roc10_zero,btc_above_sma200,ETH,23,24,29.166666666666668,70.83333333333334,-0.16520833333333332,,,0,1,-3.9649999999999994,6.5009999999999994,6
105,roc10_zero+lowvol,roc10_zero,lowvol,ETH,35,37,32.432432432432435,67.56756756756756,-0.06424324324324321,,,0,2,-2.3770000000000007,7.328,6
106,roc20_zero+none,roc20_zero,none,ETH,55,60,31.666666666666664,68.33333333333333,-0.08029999999999994,-0.08029999999999995,-0.19269999999999995,2,4,-4.818000000000002,14.288999999999998,9
107,roc20_zero+above_sma200,roc20_zero,above_sma200,ETH,29,34,26.47058823529412,73.52941176470588,-0.23941176470588238,,,1,2,-8.14,11.879000000000001,10
108,roc20_zero+btc_above_sma200,roc20_zero,btc_above_sma200,ETH,23,27,25.925925925925924,74.07407407407408,-0.2595555555555555,,,0,1,-7.008,10.847000000000001,9
109,roc20_zero+lowvol,roc20_zero,lowvol,ETH,33,36,25.0,75.0,-0.28650000000000003,,,0,1,-10.314000000000002,11.078000000000003,8
110,roc60_zero+none,roc60_zero,none,ETH,25,29,41.37931034482759,58.620689655172406,0.19999999999999996,,,2,2,5.800000000000001,5.228,5
111,roc60_zero+above_sma200,roc60_zero,above_sma200,ETH,14,18,33.33333333333333,66.66666666666666,-0.04800000000000001,,,1,1,-0.8639999999999988,8.258999999999999,8
112,roc60_zero+btc_above_sma200,roc60_zero,btc_above_sma200,ETH,12,16,25.0,75.0,-0.30174999999999996,,,1,1,-4.8279999999999985,7.239999999999998,8
113,roc60_zero+lowvol,roc60_zero,lowvol,ETH,21,25,44.0,56.00000000000001,0.27675999999999995,,,1,1,6.9190000000000005,4.209,4
114,ttm_release+none,ttm_release,none,ETH,28,29,34.48275862068966,65.51724137931035,-0.0009655172413792959,,,0,1,-0.02799999999999958,6.315,6
115,ttm_release+above_sma200,ttm_release,above_sma200,ETH,13,14,28.57142857142857,71.42857142857143,-0.18657142857142858,,,0,1,-2.612,5.275,5
116,ttm_release+btc_above_sma200,ttm_release,btc_above_sma200,ETH,10,11,27.27272727272727,72.72727272727273,-0.2334545454545455,,,0,1,-2.5680000000000005,5.275,5
117,ttm_release+lowvol,ttm_release,lowvol,ETH,18,19,26.31578947368421,73.68421052631578,-0.2519473684210527,,,0,1,-4.787,6.315,6
118,nr7+none,nr7,none,ETH,165,174,30.45977011494253,68.96551724137932,-0.11184482758620687,-0.11184482758620684,-0.15637404580152667,1,4,-19.460999999999995,23.689999999999994,9
119,nr7+above_sma200,nr7,above_sma200,ETH,70,74,27.027027027027028,71.62162162162163,-0.2117567567567567,-0.21175675675675676,-0.21258064516129033,0,3,-15.669999999999996,21.038999999999998,11
120,nr7+btc_above_sma200,nr7,btc_above_sma200,ETH,56,60,30.0,70.0,-0.1355833333333333,,,0,2,-8.135,17.13,9
121,nr7+lowvol,nr7,lowvol,ETH,88,96,32.29166666666667,67.70833333333334,-0.06684374999999998,-0.06684374999999997,-0.10901190476190474,2,4,-6.416999999999999,13.802999999999999,7
122,nr4+none,nr4,none,ETH,280,306,32.35294117647059,67.3202614379085,-0.05588888888888887,-0.05588888888888887,-0.16533620689655168,2,4,-17.10199999999995,50.58199999999998,15
123,nr4+above_sma200,nr4,above_sma200,ETH,119,126,26.190476190476193,73.01587301587301,-0.24116666666666664,-0.22850806451612898,-0.3280849056603773,1,3,-30.387000000000008,39.88100000000001,14
124,nr4+btc_above_sma200,nr4,btc_above_sma200,ETH,93,99,26.262626262626267,73.73737373737373,-0.2485959595959596,,,0,2,-24.610999999999997,33.504999999999995,10
125,nr4+lowvol,nr4,lowvol,ETH,146,162,28.39506172839506,71.60493827160494,-0.18268518518518517,-0.18268518518518514,-0.29734507042253516,1,4,-29.594999999999995,48.045,13
126,bbw_p10_expand+none,bbw_p10_expand,none,ETH,32,35,25.71428571428571,74.28571428571429,-0.2646,,,0,2,-9.261,15.184999999999999,11
127,bbw_p10_expand+above_sma200,bbw_p10_expand,above_sma200,ETH,14,16,6.25,93.75,-0.8539999999999999,,,0,1,-13.663999999999998,12.636999999999999,8
128,bbw_p10_expand+btc_above_sma200,bbw_p10_expand,btc_above_sma200,ETH,12,14,7.142857142857142,92.85714285714286,-0.8297857142857143,,,0,1,-11.617,10.590000000000002,8
129,bbw_p10_expand+lowvol,bbw_p10_expand,lowvol,ETH,31,33,24.242424242424242,75.75757575757575,-0.3085151515151514,,,0,2,-10.180999999999997,16.104999999999997,11
130,bbw_p20_expand+none,bbw_p20_expand,none,ETH,62,70,24.285714285714285,75.71428571428571,-0.30508571428571424,-0.3050857142857142,-0.4860666666666666,2,4,-21.355999999999998,31.198,26
131,bbw_p20_expand+above_sma200,bbw_p20_expand,above_sma200,ETH,36,40,10.0,90.0,-0.7347250000000001,,,0,2,-29.388999999999996,32.349,23
132,bbw_p20_expand+btc_above_sma200,bbw_p20_expand,btc_above_sma200,ETH,32,36,11.11111111111111,88.88888888888889,-0.7029999999999998,,,0,2,-25.307999999999993,28.267999999999994,19
133,bbw_p20_expand+lowvol,bbw_p20_expand,lowvol,ETH,54,61,24.59016393442623,75.40983606557377,-0.2967049180327868,-0.5271886792452829,-0.8578484848484847,1,3,-18.098999999999997,27.941,23
134,volbreak1+none,volbreak1,none,ETH,70,73,30.136986301369863,69.86301369863014,-0.11898630136986303,-0.11898630136986302,-0.24650000000000002,1,4,-8.685999999999996,18.273999999999997,14
135,volbreak1+above_sma200,volbreak1,above_sma200,ETH,32,33,21.21212121212121,78.78787878787878,-0.38784848484848483,,,0,2,-12.799,18.676000000000002,12
136,volbreak1+btc_above_sma200,volbreak1,btc_above_sma200,ETH,29,30,16.666666666666664,83.33333333333334,-0.5267000000000001,,,0,1,-15.801,20.743000000000002,13
137,volbreak1+lowvol,volbreak1,lowvol,ETH,36,36,27.77777777777778,72.22222222222221,-0.1951666666666666,,,0,2,-7.025999999999998,13.878999999999998,10
138,volbreak1.5+none,volbreak1.5,none,ETH,21,21,23.809523809523807,76.19047619047619,-0.31042857142857133,,,0,0,-6.519,12.481,8
139,volbreak1.5+above_sma200,volbreak1.5,above_sma200,ETH,11,11,9.090909090909092,90.9090909090909,-0.7533636363636362,,,0,0,-8.286999999999999,10.274999999999999,10
140,volbreak1.5+btc_above_sma200,volbreak1.5,btc_above_sma200,ETH,12,12,8.333333333333332,91.66666666666666,-0.7786666666666666,,,0,0,-9.344,11.331999999999999,11
141,volbreak1.5+lowvol,volbreak1.5,lowvol,ETH,13,13,23.076923076923077,76.92307692307693,-0.338,,,0,0,-4.394,6.382,6
142,wide_range_up+none,wide_range_up,none,ETH,30,31,29.03225806451613,70.96774193548387,-0.15096774193548385,,,0,1,-4.679999999999998,15.531999999999998,9
143,wide_range_up+above_sma200,wide_range_up,above_sma200,ETH,18,19,21.052631578947366,78.94736842105263,-0.39299999999999996,,,0,0,-7.466999999999998,13.375,13
144,wide_range_up+btc_above_sma200,wide_range_up,btc_above_sma200,ETH,16,16,12.5,87.5,-0.6510624999999999,,,0,0,-10.416999999999998,13.374999999999998,13
145,wide_range_up+lowvol,wide_range_up,lowvol,ETH,19,20,30.0,70.0,-0.12499999999999996,,,0,0,-2.4999999999999982,10.389,6
146,three_inside_up+none,three_inside_up,none,ETH,1,1,0.0,100.0,-1.025,,,0,0,-1.025,0.0,1
147,three_inside_up+above_sma200,three_inside_up,above_sma200,ETH,0,0,,,,,,0,0,,,0
148,three_inside_up+btc_above_sma200,three_inside_up,btc_above_sma200,ETH,0,0,,,,,,0,0,,,0
149,three_inside_up+lowvol,three_inside_up,lowvol,ETH,0,0,,,,,,0,0,,,0
150,vol_thrust+none,vol_thrust,none,ETH,47,53,37.735849056603776,62.264150943396224,0.10764150943396228,-0.0032045454545454348,-0.20306060606060602,1,3,5.705000000000003,10.145,10
151,vol_thrust+above_sma200,vol_thrust,above_sma200,ETH,16,18,38.88888888888889,61.111111111111114,0.14655555555555558,,,0,0,2.638,4.105,4
152,vol_thrust+btc_above_sma200,vol_thrust,btc_above_sma200,ETH,9,9,11.11111111111111,88.88888888888889,-0.6869999999999999,,,0,0,-6.183000000000001,6.106,7
153,vol_thrust+lowvol,vol_thrust,lowvol,ETH,27,32,40.625,59.375,0.18990625000000003,,,0,1,6.077000000000002,5.0840000000000005,5
154,obv_break20+none,obv_break20,none,ETH,109,119,39.49579831932773,60.50420168067227,0.15915966386554622,0.15915966386554622,0.07440789473684212,3,4,18.94,19.801,14
155,obv_break20+above_sma200,obv_break20,above_sma200,ETH,56,62,30.64516129032258,69.35483870967742,-0.1062741935483871,-0.10627419354838702,-0.2781666666666666,2,3,-6.588999999999999,25.138999999999996,14
156,obv_break20+btc_above_sma200,obv_break20,btc_above_sma200,ETH,44,49,20.408163265306122,79.59183673469387,-0.4153061224489796,-0.4153061224489796,-0.7746571428571428,1,3,-20.349999999999994,29.135999999999996,14
157,obv_break20+lowvol,obv_break20,lowvol,ETH,63,70,45.714285714285715,54.285714285714285,0.3437714285714285,0.34377142857142856,0.2474074074074074,4,4,24.064,12.402000000000001,12
158,weekly_cross10w+none,weekly_cross10w,none,ETH,10,10,50.0,50.0,0.47190000000000004,,,0,0,4.719000000000001,2.05,2
159,weekly_cross10w+above_sma200,weekly_cross10w,above_sma200,ETH,5,5,40.0,60.0,0.1720000000000001,,,0,0,0.8600000000000005,1.051,2
160,weekly_cross10w+btc_above_sma200,weekly_cross10w,btc_above_sma200,ETH,3,3,66.66666666666666,33.33333333333333,0.9636666666666667,,,0,0,2.891,1.051,1
161,weekly_cross10w+lowvol,weekly_cross10w,lowvol,ETH,8,8,50.0,50.0,0.469125,,,0,0,3.753,2.05,2
42,donchian10+none,donchian10,none,SOL,91,97,36.08247422680412,60.824742268041234,0.10916494845360825,0.10916494845360827,0.06172151898734181,3,4,10.589,17.48,13
43,donchian10+above_sma200,donchian10,above_sma200,SOL,42,45,37.77777777777778,60.0,0.14531111111111114,,,1,1,6.5390000000000015,13.228000000000002,11
44,donchian10+btc_above_sma200,donchian10,btc_above_sma200,SOL,42,45,37.77777777777778,60.0,0.14488888888888893,,,1,2,6.520000000000003,17.276000000000003,15
45,donchian10+lowvol,donchian10,lowvol,SOL,56,59,38.983050847457626,59.32203389830508,0.17503389830508476,0.19724528301886793,0.11264000000000003,2,3,10.327000000000007,14.416999999999998,11
46,donchian20+none,donchian20,none,SOL,62,69,37.68115942028986,59.42028985507246,0.1485072463768116,0.17301666666666674,0.06986842105263165,2,3,10.247000000000003,11.369000000000003,9
47,donchian20+above_sma200,donchian20,above_sma200,SOL,30,33,39.39393939393939,57.57575757575758,0.20366666666666666,,,1,1,6.721000000000002,13.195000000000002,13
48,donchian20+btc_above_sma200,donchian20,btc_above_sma200,SOL,31,34,38.23529411764706,58.82352941176471,0.16847058823529415,,,1,2,5.7280000000000015,15.209000000000003,15
49,donchian20+lowvol,donchian20,lowvol,SOL,40,44,40.909090909090914,56.81818181818182,0.2405454545454546,,,2,2,10.584000000000003,11.305000000000003,9
50,donchian55+none,donchian55,none,SOL,36,41,39.02439024390244,56.09756097560976,0.21192682926829268,,,2,2,8.689000000000002,10.164000000000003,8
51,donchian55+above_sma200,donchian55,above_sma200,SOL,19,22,50.0,45.45454545454545,0.5410454545454545,,,1,1,11.902999999999999,8.105000000000004,8
52,donchian55+btc_above_sma200,donchian55,btc_above_sma200,SOL,22,25,44.0,52.0,0.3548800000000001,,,1,1,8.871999999999998,11.136000000000005,11
53,donchian55+lowvol,donchian55,lowvol,SOL,23,26,50.0,46.15384615384615,0.5328076923076923,,,2,2,13.853000000000003,7.1,7
54,emacross9_21+none,emacross9_21,none,SOL,26,26,30.76923076923077,69.23076923076923,-0.0986923076923077,,,0,0,-2.565999999999999,10.248999999999999,6
55,emacross9_21+above_sma200,emacross9_21,above_sma200,SOL,11,11,27.27272727272727,72.72727272727273,-0.20545454545454545,,,0,0,-2.2599999999999993,3.1199999999999997,3
56,emacross9_21+btc_above_sma200,emacross9_21,btc_above_sma200,SOL,11,11,36.36363636363637,63.63636363636363,0.06654545454545455,,,0,0,0.7320000000000004,2.054,3
57,emacross9_21+lowvol,emacross9_21,lowvol,SOL,16,16,31.25,68.75,-0.08499999999999996,,,0,0,-1.3599999999999997,5.1579999999999995,4
58,emacross20_50+none,emacross20_50,none,SOL,9,9,22.22222222222222,77.77777777777779,-0.353,,,0,0,-3.177,7.0920000000000005,7
59,emacross20_50+above_sma200,emacross20_50,above_sma200,SOL,4,4,25.0,75.0,-0.266,,,0,0,-1.064,2.036,3
60,emacross20_50+btc_above_sma200,emacross20_50,btc_above_sma200,SOL,3,3,33.33333333333333,66.66666666666666,-0.016666666666666757,,,0,0,-0.050000000000000266,1.0200000000000002,2
61,emacross20_50+lowvol,emacross20_50,lowvol,SOL,4,4,0.0,100.0,-1.017,,,0,0,-4.068,3.0519999999999996,4
62,emacross50_200+none,emacross50_200,none,SOL,3,3,33.33333333333333,66.66666666666666,-0.03766666666666666,,,0,0,-0.11299999999999999,2.048,2
63,emacross50_200+above_sma200,emacross50_200,above_sma200,SOL,1,1,0.0,100.0,-1.042,,,0,0,-1.042,0.0,1
64,emacross50_200+btc_above_sma200,emacross50_200,btc_above_sma200,SOL,1,1,0.0,100.0,-1.042,,,0,0,-1.042,0.0,1
65,emacross50_200+lowvol,emacross50_200,lowvol,SOL,0,0,,,,,,0,0,,,0
66,pullback_sma100_ema10+none,pullback_sma100_ema10,none,SOL,35,38,26.31578947368421,73.68421052631578,-0.22647368421052627,-0.20505405405405402,-0.644625,1,3,-8.605999999999998,18.512999999999998,9
67,pullback_sma100_ema10+above_sma200,pullback_sma100_ema10,above_sma200,SOL,23,25,20.0,80.0,-0.4151599999999999,,,0,1,-10.379,15.318999999999999,11
68,pullback_sma100_ema10+btc_above_sma200,pullback_sma100_ema10,btc_above_sma200,SOL,25,27,18.51851851851852,81.48148148148148,-0.46270370370370373,,,0,1,-12.493,14.489,9
69,pullback_sma100_ema10+lowvol,pullback_sma100_ema10,lowvol,SOL,22,24,20.833333333333336,79.16666666666666,-0.39375,,,0,1,-9.45,12.408999999999999,7
70,pullback_sma100_ema20+none,pullback_sma100_ema20,none,SOL,31,34,32.35294117647059,67.64705882352942,-0.04947058823529407,,,0,2,-1.6819999999999977,10.215999999999998,8
71,pullback_sma100_ema20+above_sma200,pullback_sma100_ema20,above_sma200,SOL,17,18,16.666666666666664,83.33333333333334,-0.5156666666666667,,,0,1,-9.282,11.273,9
72,pullback_sma100_ema20+btc_above_sma200,pullback_sma100_ema20,btc_above_sma200,SOL,21,24,33.33333333333333,66.66666666666666,-0.020374999999999994,,,0,1,-0.4889999999999983,8.215,8
73,pullback_sma100_ema20+lowvol,pullback_sma100_ema20,lowvol,SOL,20,23,34.78260869565217,65.21739130434783,0.023043478260869606,,,1,1,0.5300000000000009,8.126,8
74,pullback_sma200_ema10+none,pullback_sma200_ema10,none,SOL,33,35,22.857142857142858,77.14285714285715,-0.3303428571428571,,,0,1,-11.562,16.502,8
75,pullback_sma200_ema10+above_sma200,pullback_sma200_ema10,above_sma200,SOL,33,35,22.857142857142858,77.14285714285715,-0.3303428571428571,,,0,1,-11.562,16.502,8
76,pullback_sma200_ema10+btc_above_sma200,pullback_sma200_ema10,btc_above_sma200,SOL,22,23,21.73913043478261,78.26086956521739,-0.366304347826087,,,0,1,-8.424999999999997,10.420999999999998,7
77,pullback_sma200_ema10+lowvol,pullback_sma200_ema10,lowvol,SOL,20,21,19.047619047619047,80.95238095238095,-0.4465238095238095,,,0,1,-9.376999999999999,11.373,6
78,pullback_sma200_ema20+none,pullback_sma200_ema20,none,SOL,22,23,21.73913043478261,78.26086956521739,-0.3660869565217391,,,0,1,-8.420000000000002,10.411000000000001,8
79,pullback_sma200_ema20+above_sma200,pullback_sma200_ema20,above_sma200,SOL,22,23,21.73913043478261,78.26086956521739,-0.3660869565217391,,,0,1,-8.420000000000002,10.411000000000001,8
80,pullback_sma200_ema20+btc_above_sma200,pullback_sma200_ema20,btc_above_sma200,SOL,14,15,26.666666666666668,73.33333333333333,-0.22226666666666653,,,0,0,-3.3339999999999987,8.288,8
81,pullback_sma200_ema20+lowvol,pullback_sma200_ema20,lowvol,SOL,12,13,30.76923076923077,69.23076923076923,-0.09853846153846144,,,0,0,-1.2809999999999995,8.161999999999999,8
82,rsi14_exit25+none,rsi14_exit25,none,SOL,7,8,62.5,37.5,0.8675,,,0,0,6.9399999999999995,3.0210000000000004,3
83,rsi14_exit25+above_sma200,rsi14_exit25,above_sma200,SOL,0,0,,,,,,0,0,,,0
84,rsi14_exit25+btc_above_sma200,rsi14_exit25,btc_above_sma200,SOL,1,1,100.0,0.0,1.983,,,0,0,1.983,0.0,0
85,rsi14_exit25+lowvol,rsi14_exit25,lowvol,SOL,1,1,100.0,0.0,2.003,,,0,0,2.003,0.0,0
86,rsi14_exit30+none,rsi14_exit30,none,SOL,15,16,43.75,56.25,0.30137500000000006,,,0,0,4.822000000000001,3.026,3
87,rsi14_exit30+above_sma200,rsi14_exit30,above_sma200,SOL,1,1,0.0,100.0,-1.014,,,0,0,-1.014,0.0,1
88,rsi14_exit30+btc_above_sma200,rsi14_exit30,btc_above_sma200,SOL,2,2,100.0,0.0,1.9905,,,0,0,3.981,0.0,0
89,rsi14_exit30+lowvol,rsi14_exit30,lowvol,SOL,3,3,66.66666666666666,33.33333333333333,0.9820000000000001,,,0,0,2.946,0.0,1
90,rsi14_exit35+none,rsi14_exit35,none,SOL,33,35,31.428571428571427,65.71428571428571,-0.025028571428571362,,,0,1,-0.8759999999999994,11.126999999999999,11
91,rsi14_exit35+above_sma200,rsi14_exit35,above_sma200,SOL,5,5,40.0,60.0,0.18240000000000006,,,0,0,0.9120000000000004,2.041,2
92,rsi14_exit35+btc_above_sma200,rsi14_exit35,btc_above_sma200,SOL,4,4,50.0,50.0,0.483,,,0,0,1.932,1.014,1
93,rsi14_exit35+lowvol,rsi14_exit35,lowvol,SOL,10,10,40.0,60.0,0.18060000000000004,,,0,0,1.8060000000000005,3.049,3
94,rsi7_cross50+none,rsi7_cross50,none,SOL,81,87,37.93103448275862,60.91954022988506,0.13827586206896558,0.13827586206896558,-0.0049999999999999455,3,4,12.029999999999998,12.321999999999997,9
95,rsi7_cross50+above_sma200,rsi7_cross50,above_sma200,SOL,28,29,20.689655172413794,79.3103448275862,-0.39555172413793105,,,0,1,-11.471,14.454,6
96,rsi7_cross50+btc_above_sma200,rsi7_cross50,btc_above_sma200,SOL,31,35,37.142857142857146,62.857142857142854,0.09354285714285719,,,1,1,3.274000000000002,6.243,4
97,rsi7_cross50+lowvol,rsi7_cross50,lowvol,SOL,45,50,36.0,64.0,0.05946000000000005,-0.06342553191489357,-0.09013793103448271,0,3,2.9729999999999954,9.578000000000003,9
98,rsi14_cross50+none,rsi14_cross50,none,SOL,54,56,30.357142857142854,67.85714285714286,-0.07637499999999998,-0.1260212765957447,-0.36009375,1,3,-4.276999999999997,14.546999999999997,8
99,rsi14_cross50+above_sma200,rsi14_cross50,above_sma200,SOL,20,21,23.809523809523807,76.19047619047619,-0.30423809523809525,,,0,1,-6.3889999999999985,8.248,7
100,rsi14_cross50+btc_above_sma200,rsi14_cross50,btc_above_sma200,SOL,20,22,36.36363636363637,63.63636363636363,0.06754545454545455,,,1,1,1.486,6.317,5
101,rsi14_cross50+lowvol,rsi14_cross50,lowvol,SOL,37,39,33.33333333333333,66.66666666666666,-0.020923076923076902,-0.0735263157894737,-0.20965384615384616,1,3,-0.8159999999999992,10.622,7
102,roc10_zero+none,roc10_zero,none,SOL,78,87,36.7816091954023,60.91954022988506,0.12551724137931036,0.12551724137931042,0.00890909090909095,3,4,10.920000000000009,16.883,9
103,roc10_zero+above_sma200,roc10_zero,above_sma200,SOL,24,25,44.0,56.00000000000001,0.30496,,,1,1,7.624000000000002,5.051000000000001,5
104,roc10_zero+btc_above_sma200,roc10_zero,btc_above_sma200,SOL,26,29,37.93103448275862,62.06896551724138,0.11937931034482764,,,0,1,3.4620000000000015,8.290999999999999,6
105,roc10_zero+lowvol,roc10_zero,lowvol,SOL,46,51,43.13725490196079,56.86274509803921,0.27423529411764713,0.21839130434782614,0.09217142857142864,2,3,13.986000000000008,11.415,9
106,roc20_zero+none,roc20_zero,none,SOL,57,62,25.806451612903224,74.19354838709677,-0.24938709677419357,-0.24938709677419352,-0.46372093023255806,2,4,-15.46199999999999,29.84499999999999,17
107,roc20_zero+above_sma200,roc20_zero,above_sma200,SOL,20,23,21.73913043478261,78.26086956521739,-0.3687391304347825,,,0,1,-8.481,16.240000000000002,16
108,roc20_zero+btc_above_sma200,roc20_zero,btc_above_sma200,SOL,24,26,30.76923076923077,69.23076923076923,-0.09973076923076923,,,1,1,-2.5929999999999973,14.236,14
109,roc20_zero+lowvol,roc20_zero,lowvol,SOL,38,40,22.5,77.5,-0.34702500000000003,-0.39107894736842097,-0.7472727272727272,1,3,-13.880999999999995,23.579999999999995,16
110,roc60_zero+none,roc60_zero,none,SOL,33,35,34.285714285714285,65.71428571428571,0.0074285714285714285,,,1,2,0.2600000000000011,7.1659999999999995,7
111,roc60_zero+above_sma200,roc60_zero,above_sma200,SOL,13,13,30.76923076923077,69.23076923076923,-0.10099999999999996,,,0,0,-1.3129999999999995,5.189,5
112,roc60_zero+btc_above_sma200,roc60_zero,btc_above_sma200,SOL,11,11,27.27272727272727,72.72727272727273,-0.2085454545454545,,,0,0,-2.2939999999999996,4.178999999999999,4
113,roc60_zero+lowvol,roc60_zero,lowvol,SOL,26,28,28.57142857142857,71.42857142857143,-0.16471428571428579,,,0,1,-4.612,9.504999999999999,9
114,ttm_release+none,ttm_release,none,SOL,26,26,38.46153846153847,57.692307692307686,0.19242307692307692,,,0,0,5.003,5.206000000000001,4
115,ttm_release+above_sma200,ttm_release,above_sma200,SOL,10,10,20.0,70.0,-0.261,,,0,0,-2.6099999999999994,7.145,7
116,ttm_release+btc_above_sma200,ttm_release,btc_above_sma200,SOL,7,7,28.57142857142857,71.42857142857143,-0.17257142857142857,,,0,0,-1.208,3.0869999999999997,3
117,ttm_release+lowvol,ttm_release,lowvol,SOL,20,20,30.0,70.0,-0.12334999999999993,,,0,0,-2.4669999999999987,7.18,7
118,nr7+none,nr7,none,SOL,180,201,34.32835820895522,65.17412935323384,0.019671641791044813,0.019671641791044813,-0.06859999999999998,2,4,3.954000000000012,35.483,12
119,nr7+above_sma200,nr7,above_sma200,SOL,67,74,33.78378378378378,66.21621621621621,-0.003067567567567521,-0.0030675675675674997,-0.3125882352941176,2,3,-0.2269999999999972,17.740999999999996,12
120,nr7+btc_above_sma200,nr7,btc_above_sma200,SOL,61,66,25.757575757575758,74.24242424242425,-0.24731818181818177,,,1,2,-16.322999999999997,23.134999999999998,12
121,nr7+lowvol,nr7,lowvol,SOL,92,101,32.67326732673268,67.32673267326733,-0.039811881188118785,0.022576086956521718,-0.1446379310344828,2,3,-4.0209999999999955,20.822000000000003,10
122,nr4+none,nr4,none,SOL,296,339,34.80825958702065,63.716814159292035,0.04834218289085549,0.048342182890855505,-0.06707480314960626,2,4,16.387999999999938,37.435000000000045,14
123,nr4+above_sma200,nr4,above_sma200,SOL,102,115,34.78260869565217,63.47826086956522,0.043704347826087016,0.04370434782608705,-0.058903846153846064,2,3,5.026000000000002,18.226999999999997,10
124,nr4+btc_above_sma200,nr4,btc_above_sma200,SOL,93,102,27.450980392156865,70.58823529411765,-0.17742156862745098,,,1,2,-18.097,30.0,14
125,nr4+lowvol,nr4,lowvol,SOL,151,170,33.52941176470588,65.29411764705883,-0.0024411764705882144,-0.0024411764705882092,-0.08036666666666664,2,4,-0.41499999999999515,23.629000000000005,14
126,bbw_p10_expand+none,bbw_p10_expand,none,SOL,30,33,36.36363636363637,63.63636363636363,0.07100000000000002,,,0,1,2.3430000000000013,9.433,7
127,bbw_p10_expand+above_sma200,bbw_p10_expand,above_sma200,SOL,16,19,36.84210526315789,63.1578947368421,0.08484210526315793,,,0,0,1.612000000000001,5.215999999999999,4
128,bbw_p10_expand+btc_above_sma200,bbw_p10_expand,btc_above_sma200,SOL,16,19,36.84210526315789,63.1578947368421,0.08484210526315793,,,0,0,1.612000000000001,5.215999999999999,4
129,bbw_p10_expand+lowvol,bbw_p10_expand,lowvol,SOL,29,32,34.375,65.625,0.01112500000000003,,,0,1,0.35600000000000165,9.433,7
130,bbw_p20_expand+none,bbw_p20_expand,none,SOL,53,61,31.147540983606557,68.85245901639344,-0.08557377049180326,-0.08557377049180324,-0.3171764705882353,1,4,-5.219999999999991,20.836999999999996,12
131,bbw_p20_expand+above_sma200,bbw_p20_expand,above_sma200,SOL,29,37,27.027027027027028,72.97297297297297,-0.21137837837837836,,,0,2,-7.820999999999999,12.466000000000001,8
132,bbw_p20_expand+btc_above_sma200,bbw_p20_expand,btc_above_sma200,SOL,27,35,25.71428571428571,74.28571428571429,-0.25151428571428563,,,0,2,-8.803,13.448,8
133,bbw_p20_expand+lowvol,bbw_p20_expand,lowvol,SOL,47,56,28.57142857142857,71.42857142857143,-0.16441071428571424,-0.2885510204081632,-0.3214411764705882,0,3,-9.207,18.8,11
134,volbreak1+none,volbreak1,none,SOL,80,91,38.46153846153847,58.24175824175825,0.18453846153846157,0.1845384615384616,0.049126984126984165,3,4,16.793000000000003,13.328000000000003,7
135,volbreak1+above_sma200,volbreak1,above_sma200,SOL,34,40,42.5,55.00000000000001,0.2916000000000001,,,1,1,11.664,12.284000000000004,6
136,volbreak1+btc_above_sma200,volbreak1,btc_above_sma200,SOL,38,42,38.095238095238095,59.523809523809526,0.15697619047619052,,,1,2,6.5930000000000035,12.181000000000001,9
137,volbreak1+lowvol,volbreak1,lowvol,SOL,42,47,51.06382978723404,46.808510638297875,0.5422553191489362,0.551829268292683,0.09314999999999998,2,3,25.48600000000001,9.234999999999992,8
138,volbreak1.5+none,volbreak1.5,none,SOL,32,34,50.0,44.11764705882353,0.5710000000000001,,,2,2,19.41400000000001,4.035,5
139,volbreak1.5+above_sma200,volbreak1.5,above_sma200,SOL,14,15,73.33333333333333,26.666666666666668,1.1909333333333336,,,1,1,17.864000000000004,1.0120000000000005,1
140,volbreak1.5+btc_above_sma200,volbreak1.5,btc_above_sma200,SOL,16,16,62.5,37.5,0.8645,,,0,0,13.832000000000003,2.0220000000000002,2
141,volbreak1.5+lowvol,volbreak1.5,lowvol,SOL,17,18,66.66666666666666,33.33333333333333,0.9889444444444445,,,0,0,17.801000000000002,3.0519999999999996,3
142,wide_range_up+none,wide_range_up,none,SOL,17,17,52.94117647058824,41.17647058823529,0.6781764705882353,,,0,0,11.529000000000002,3.035,3
143,wide_range_up+above_sma200,wide_range_up,above_sma200,SOL,6,6,66.66666666666666,33.33333333333333,0.9891666666666667,,,0,0,5.9350000000000005,1.013,1
144,wide_range_up+btc_above_sma200,wide_range_up,btc_above_sma200,SOL,8,8,50.0,50.0,0.48787500000000006,,,0,0,3.9030000000000005,2.0220000000000002,2
145,wide_range_up+lowvol,wide_range_up,lowvol,SOL,8,8,62.5,37.5,0.8622500000000001,,,0,0,6.898000000000001,1.013,1
146,three_inside_up+none,three_inside_up,none,SOL,1,1,100.0,0.0,1.999,,,0,0,1.999,0.0,0
147,three_inside_up+above_sma200,three_inside_up,above_sma200,SOL,0,0,,,,,,0,0,,,0
148,three_inside_up+btc_above_sma200,three_inside_up,btc_above_sma200,SOL,0,0,,,,,,0,0,,,0
149,three_inside_up+lowvol,three_inside_up,lowvol,SOL,0,0,,,,,,0,0,,,0
150,vol_thrust+none,vol_thrust,none,SOL,80,89,40.44943820224719,59.55056179775281,0.20104494382022473,0.2010449438202248,0.09675342465753432,2,4,17.893000000000008,7.291999999999998,5
151,vol_thrust+above_sma200,vol_thrust,above_sma200,SOL,30,35,48.57142857142857,51.42857142857142,0.4448285714285715,0.4448285714285715,0.27233333333333337,3,3,15.569000000000003,6.136999999999999,6
152,vol_thrust+btc_above_sma200,vol_thrust,btc_above_sma200,SOL,31,37,43.24324324324324,56.75675675675676,0.28416216216216217,,,1,1,10.514,8.103,8
153,vol_thrust+lowvol,vol_thrust,lowvol,SOL,48,54,42.592592592592595,57.407407407407405,0.265,0.38751111111111114,0.28663333333333335,3,3,14.310000000000008,10.242999999999997,6
154,obv_break20+none,obv_break20,none,SOL,155,169,42.01183431952663,57.396449704142015,0.2527337278106509,0.2527337278106509,0.20387313432835824,4,4,42.71199999999998,12.084999999999994,7
155,obv_break20+above_sma200,obv_break20,above_sma200,SOL,66,71,35.2112676056338,63.38028169014085,0.05967605633802817,0.05967605633802813,-0.36904,1,3,4.237000000000007,13.405999999999997,8
156,obv_break20+btc_above_sma200,obv_break20,btc_above_sma200,SOL,58,62,37.096774193548384,61.29032258064516,0.11751612903225812,,,1,2,7.286000000000006,12.358999999999996,9
157,obv_break20+lowvol,obv_break20,lowvol,SOL,89,96,42.70833333333333,56.25,0.27871875,0.27871875000000007,0.12976785714285718,3,4,26.757000000000016,10.473999999999997,9
158,weekly_cross10w+none,weekly_cross10w,none,SOL,11,11,36.36363636363637,63.63636363636363,0.07663636363636367,,,0,0,0.8430000000000004,5.1,5
159,weekly_cross10w+above_sma200,weekly_cross10w,above_sma200,SOL,6,6,33.33333333333333,66.66666666666666,-0.01566666666666657,,,0,0,-0.09399999999999942,3.0679999999999996,3
160,weekly_cross10w+btc_above_sma200,weekly_cross10w,btc_above_sma200,SOL,5,5,20.0,80.0,-0.41720000000000007,,,0,0,-2.0860000000000003,3.0680000000000005,4
161,weekly_cross10w+lowvol,weekly_cross10w,lowvol,SOL,7,7,42.857142857142854,57.14285714285714,0.268,,,0,0,1.8760000000000001,4.09,4
