symbol,timestamp,observed_utc,n_options,call_oi,put_oi,put_call_oi_ratio,oi_weighted_mark_iv,underlying_price,historical_volatility
BTC-HISTVOL,2026-08-16T05:00:00Z,,,,,,,,20.87636523193412
ETH-HISTVOL,2026-08-16T05:00:00Z,,,,,,,,28.25305873010978
SOL-HISTVOL,2026-08-16T05:00:00Z,,,,,,,,31.09296562199325
BTC-HISTVOL,2026-08-16T06:00:00Z,,,,,,,,20.864263411374647
ETH-HISTVOL,2026-08-16T06:00:00Z,,,,,,,,28.255121986183784
SOL-HISTVOL,2026-08-16T06:00:00Z,,,,,,,,31.091511136854862
BTC-HISTVOL,2026-08-16T07:00:00Z,,,,,,,,20.856890204651293
ETH-HISTVOL,2026-08-16T07:00:00Z,,,,,,,,28.252348012247246
SOL-HISTVOL,2026-08-16T07:00:00Z,,,,,,,,31.063620283580327
BTC-HISTVOL,2026-08-16T08:00:00Z,,,,,,,,20.852957013486687
ETH-HISTVOL,2026-08-16T08:00:00Z,,,,,,,,28.240545108072688
SOL-HISTVOL,2026-08-16T08:00:00Z,,,,,,,,31.062110901380358
BTC-HISTVOL,2026-08-16T09:00:00Z,,,,,,,,20.851784664361308
ETH-HISTVOL,2026-08-16T09:00:00Z,,,,,,,,28.239949667151105
SOL-HISTVOL,2026-08-16T09:00:00Z,,,,,,,,31.06767688660707
BTC-HISTVOL,2026-08-16T10:00:00Z,,,,,,,,20.842469811570123
ETH-HISTVOL,2026-08-16T10:00:00Z,,,,,,,,28.240325231942453
SOL-HISTVOL,2026-08-16T10:00:00Z,,,,,,,,31.06373780515487
BTC-HISTVOL,2026-08-16T11:00:00Z,,,,,,,,20.844978022723847
ETH-HISTVOL,2026-08-16T11:00:00Z,,,,,,,,28.23791821609916
SOL-HISTVOL,2026-08-16T11:00:00Z,,,,,,,,31.04993937878894
BTC-HISTVOL,2026-08-16T12:00:00Z,,,,,,,,20.84557509614333
ETH-HISTVOL,2026-08-16T12:00:00Z,,,,,,,,28.2379004357378
SOL-HISTVOL,2026-08-16T12:00:00Z,,,,,,,,31.052077671887456
BTC-HISTVOL,2026-08-16T13:00:00Z,,,,,,,,20.844950235284028
ETH-HISTVOL,2026-08-16T13:00:00Z,,,,,,,,28.237792378415836
SOL-HISTVOL,2026-08-16T13:00:00Z,,,,,,,,31.049596494612068
BTC-HISTVOL,2026-08-16T14:00:00Z,,,,,,,,20.844210913879454
ETH-HISTVOL,2026-08-16T14:00:00Z,,,,,,,,28.2337122653421
SOL-HISTVOL,2026-08-16T14:00:00Z,,,,,,,,31.05148957777574
BTC-HISTVOL,2026-08-16T15:00:00Z,,,,,,,,20.8454413175295
ETH-HISTVOL,2026-08-16T15:00:00Z,,,,,,,,28.23914997408118
SOL-HISTVOL,2026-08-16T15:00:00Z,,,,,,,,31.056225307395508
BTC-HISTVOL,2026-08-16T16:00:00Z,,,,,,,,20.84264267684594
ETH-HISTVOL,2026-08-16T16:00:00Z,,,,,,,,28.19843764733112
SOL-HISTVOL,2026-08-16T16:00:00Z,,,,,,,,31.059637730595306
BTC-HISTVOL,2026-08-16T17:00:00Z,,,,,,,,20.82366147042192
ETH-HISTVOL,2026-08-16T17:00:00Z,,,,,,,,28.16849665229639
SOL-HISTVOL,2026-08-16T17:00:00Z,,,,,,,,31.04161353020426
BTC-HISTVOL,2026-08-16T18:00:00Z,,,,,,,,20.83460851194676
ETH-HISTVOL,2026-08-16T18:00:00Z,,,,,,,,28.203243964888845
SOL-HISTVOL,2026-08-16T18:00:00Z,,,,,,,,31.034756088252163
BTC-HISTVOL,2026-08-16T19:00:00Z,,,,,,,,20.77852863013401
ETH-HISTVOL,2026-08-16T19:00:00Z,,,,,,,,28.16806230561748
SOL-HISTVOL,2026-08-16T19:00:00Z,,,,,,,,30.6345730059237
BTC-HISTVOL,2026-08-16T20:00:00Z,,,,,,,,20.753549903522
ETH-HISTVOL,2026-08-16T20:00:00Z,,,,,,,,27.357364205987327
SOL-HISTVOL,2026-08-16T20:00:00Z,,,,,,,,30.08682980394973
BTC-HISTVOL,2026-08-16T21:00:00Z,,,,,,,,20.75124222052702
ETH-HISTVOL,2026-08-16T21:00:00Z,,,,,,,,27.35746101755951
SOL-HISTVOL,2026-08-16T21:00:00Z,,,,,,,,30.06222814323969
BTC-HISTVOL,2026-08-16T22:00:00Z,,,,,,,,20.72764068423467
ETH-HISTVOL,2026-08-16T22:00:00Z,,,,,,,,27.37616213409942
SOL-HISTVOL,2026-08-16T22:00:00Z,,,,,,,,30.02547709832363
BTC-HISTVOL,2026-08-16T23:00:00Z,,,,,,,,20.720343228094297
ETH-HISTVOL,2026-08-16T23:00:00Z,,,,,,,,27.3561484526098
SOL-HISTVOL,2026-08-16T23:00:00Z,,,,,,,,30.294253853344827
BTC-HISTVOL,2026-08-17T00:00:00Z,,,,,,,,20.72045377965212
ETH-HISTVOL,2026-08-17T00:00:00Z,,,,,,,,27.352454088539893
SOL-HISTVOL,2026-08-17T00:00:00Z,,,,,,,,30.31090167079857
BTC-HISTVOL,2026-08-17T01:00:00Z,,,,,,,,20.72057129948149
ETH-HISTVOL,2026-08-17T01:00:00Z,,,,,,,,27.345371306392654
SOL-HISTVOL,2026-08-17T01:00:00Z,,,,,,,,30.317776124256238
BTC-HISTVOL,2026-08-17T02:00:00Z,,,,,,,,20.720583686117244
ETH-HISTVOL,2026-08-17T02:00:00Z,,,,,,,,27.35230861873024
SOL-HISTVOL,2026-08-17T02:00:00Z,,,,,,,,30.297705149818444
BTC-HISTVOL,2026-08-17T03:00:00Z,,,,,,,,20.746573099147597
ETH-HISTVOL,2026-08-17T03:00:00Z,,,,,,,,27.417844941416657
SOL-HISTVOL,2026-08-17T03:00:00Z,,,,,,,,30.23570465799989
BTC-HISTVOL,2026-08-17T04:00:00Z,,,,,,,,20.5585665105104
ETH-HISTVOL,2026-08-17T04:00:00Z,,,,,,,,27.04949709416989
SOL-HISTVOL,2026-08-17T04:00:00Z,,,,,,,,30.164455766754383
BTC-HISTVOL,2026-08-17T05:00:00Z,,,,,,,,20.559776313417125
ETH-HISTVOL,2026-08-17T05:00:00Z,,,,,,,,27.05090514322374
SOL-HISTVOL,2026-08-17T05:00:00Z,,,,,,,,30.162249250579844
BTC-HISTVOL,2026-08-17T06:00:00Z,,,,,,,,20.554792633550854
ETH-HISTVOL,2026-08-17T06:00:00Z,,,,,,,,27.043818561140935
SOL-HISTVOL,2026-08-17T06:00:00Z,,,,,,,,30.08531502387314
BTC-HISTVOL,2026-08-17T07:00:00Z,,,,,,,,20.53167543091872
ETH-HISTVOL,2026-08-17T07:00:00Z,,,,,,,,27.035440294801177
SOL-HISTVOL,2026-08-17T07:00:00Z,,,,,,,,30.09799290156907
BTC-HISTVOL,2026-08-17T08:00:00Z,,,,,,,,20.561774945292683
ETH-HISTVOL,2026-08-17T08:00:00Z,,,,,,,,27.10182316675313
SOL-HISTVOL,2026-08-17T08:00:00Z,,,,,,,,30.21396966511882
BTC-HISTVOL,2026-08-17T09:00:00Z,,,,,,,,20.590157074976577
ETH-HISTVOL,2026-08-17T09:00:00Z,,,,,,,,27.14505119768556
SOL-HISTVOL,2026-08-17T09:00:00Z,,,,,,,,30.21603512063352
BTC-HISTVOL,2026-08-17T10:00:00Z,,,,,,,,20.48459413563809
ETH-HISTVOL,2026-08-17T10:00:00Z,,,,,,,,27.119111329379844
SOL-HISTVOL,2026-08-17T10:00:00Z,,,,,,,,30.36184461964139
BTC-HISTVOL,2026-08-17T11:00:00Z,,,,,,,,20.48152438389309
ETH-HISTVOL,2026-08-17T11:00:00Z,,,,,,,,27.10907882790733
SOL-HISTVOL,2026-08-17T11:00:00Z,,,,,,,,30.33818393464807
BTC-HISTVOL,2026-08-17T12:00:00Z,,,,,,,,20.67739155290984
ETH-HISTVOL,2026-08-17T12:00:00Z,,,,,,,,27.317603451263142
SOL-HISTVOL,2026-08-17T12:00:00Z,,,,,,,,30.45379400169268
BTC-HISTVOL,2026-08-17T13:00:00Z,,,,,,,,20.639684619328296
ETH-HISTVOL,2026-08-17T13:00:00Z,,,,,,,,26.99180595269113
SOL-HISTVOL,2026-08-17T13:00:00Z,,,,,,,,30.40261154387524
BTC-HISTVOL,2026-08-17T14:00:00Z,,,,,,,,20.635201071583804
ETH-HISTVOL,2026-08-17T14:00:00Z,,,,,,,,27.004718633439182
SOL-HISTVOL,2026-08-17T14:00:00Z,,,,,,,,30.44797514986625
BTC-HISTVOL,2026-08-17T15:00:00Z,,,,,,,,20.656224345881476
ETH-HISTVOL,2026-08-17T15:00:00Z,,,,,,,,27.04175239428256
SOL-HISTVOL,2026-08-17T15:00:00Z,,,,,,,,30.47346061063228
BTC-HISTVOL,2026-08-17T16:00:00Z,,,,,,,,20.72762242077278
ETH-HISTVOL,2026-08-17T16:00:00Z,,,,,,,,27.070080677669207
SOL-HISTVOL,2026-08-17T16:00:00Z,,,,,,,,30.546777780051816
BTC-HISTVOL,2026-08-17T17:00:00Z,,,,,,,,20.864951172057378
ETH-HISTVOL,2026-08-17T17:00:00Z,,,,,,,,27.06799023985461
SOL-HISTVOL,2026-08-17T17:00:00Z,,,,,,,,30.555808307707192
BTC-HISTVOL,2026-08-17T18:00:00Z,,,,,,,,20.866400855121142
ETH-HISTVOL,2026-08-17T18:00:00Z,,,,,,,,27.089192527452457
SOL-HISTVOL,2026-08-17T18:00:00Z,,,,,,,,30.551197600747976
BTC-HISTVOL,2026-08-17T19:00:00Z,,,,,,,,20.911414274898323
ETH-HISTVOL,2026-08-17T19:00:00Z,,,,,,,,27.05218386211221
SOL-HISTVOL,2026-08-17T19:00:00Z,,,,,,,,30.534775305211724
BTC-HISTVOL,2026-08-17T20:00:00Z,,,,,,,,20.917950001368503
ETH-HISTVOL,2026-08-17T20:00:00Z,,,,,,,,26.991706415958543
SOL-HISTVOL,2026-08-17T20:00:00Z,,,,,,,,30.48876613174664
BTC-HISTVOL,2026-08-17T21:00:00Z,,,,,,,,20.929224219360275
ETH-HISTVOL,2026-08-17T21:00:00Z,,,,,,,,26.94708749815181
SOL-HISTVOL,2026-08-17T21:00:00Z,,,,,,,,30.478633910188343
BTC-HISTVOL,2026-08-17T22:00:00Z,,,,,,,,20.93519485287086
ETH-HISTVOL,2026-08-17T22:00:00Z,,,,,,,,26.944779855390703
SOL-HISTVOL,2026-08-17T22:00:00Z,,,,,,,,30.502356873373063
BTC-HISTVOL,2026-08-17T23:00:00Z,,,,,,,,20.92598881248576
ETH-HISTVOL,2026-08-17T23:00:00Z,,,,,,,,26.886383850273106
SOL-HISTVOL,2026-08-17T23:00:00Z,,,,,,,,30.437991967939634
BTC-HISTVOL,2026-08-18T00:00:00Z,,,,,,,,20.90303661880472
ETH-HISTVOL,2026-08-18T00:00:00Z,,,,,,,,26.79776236494625
SOL-HISTVOL,2026-08-18T00:00:00Z,,,,,,,,30.388063193454823
BTC-HISTVOL,2026-08-18T01:00:00Z,,,,,,,,20.951891994918945
ETH-HISTVOL,2026-08-18T01:00:00Z,,,,,,,,26.89069931177968
SOL-HISTVOL,2026-08-18T01:00:00Z,,,,,,,,30.439472926848637
BTC-HISTVOL,2026-08-18T02:00:00Z,,,,,,,,20.89284264796393
ETH-HISTVOL,2026-08-18T02:00:00Z,,,,,,,,26.74504257852001
SOL-HISTVOL,2026-08-18T02:00:00Z,,,,,,,,30.31900254982085
BTC-HISTVOL,2026-08-18T03:00:00Z,,,,,,,,20.91933664354377
ETH-HISTVOL,2026-08-18T03:00:00Z,,,,,,,,26.7672101798764
SOL-HISTVOL,2026-08-18T03:00:00Z,,,,,,,,30.40803802455214
BTC-HISTVOL,2026-08-18T04:00:00Z,,,,,,,,20.92763716650825
ETH-HISTVOL,2026-08-18T04:00:00Z,,,,,,,,26.84425938013333
SOL-HISTVOL,2026-08-18T04:00:00Z,,,,,,,,30.48274955187809
BTC-HISTVOL,2026-08-18T05:00:00Z,,,,,,,,20.819144218245302
ETH-HISTVOL,2026-08-18T05:00:00Z,,,,,,,,26.780193129096823
SOL-HISTVOL,2026-08-18T05:00:00Z,,,,,,,,30.503461255401778
BTC-HISTVOL,2026-08-18T06:00:00Z,,,,,,,,20.81214364916416
ETH-HISTVOL,2026-08-18T06:00:00Z,,,,,,,,26.778699896353512
SOL-HISTVOL,2026-08-18T06:00:00Z,,,,,,,,30.57558418486155
BTC-HISTVOL,2026-08-18T07:00:00Z,,,,,,,,20.8111606102583
ETH-HISTVOL,2026-08-18T07:00:00Z,,,,,,,,26.74833946510909
SOL-HISTVOL,2026-08-18T07:00:00Z,,,,,,,,30.579548920382912
BTC-HISTVOL,2026-08-18T08:00:00Z,,,,,,,,20.762072560397417
ETH-HISTVOL,2026-08-18T08:00:00Z,,,,,,,,26.65739866707653
SOL-HISTVOL,2026-08-18T08:00:00Z,,,,,,,,30.55847220585905
BTC-HISTVOL,2026-08-18T09:00:00Z,,,,,,,,20.78434939847085
ETH-HISTVOL,2026-08-18T09:00:00Z,,,,,,,,26.64502934029403
SOL-HISTVOL,2026-08-18T09:00:00Z,,,,,,,,30.55744048835025
BTC-HISTVOL,2026-08-18T10:00:00Z,,,,,,,,20.78602434132814
ETH-HISTVOL,2026-08-18T10:00:00Z,,,,,,,,26.629232388356662
SOL-HISTVOL,2026-08-18T10:00:00Z,,,,,,,,30.54241650338865
BTC-HISTVOL,2026-08-18T11:00:00Z,,,,,,,,20.65489062489831
ETH-HISTVOL,2026-08-18T11:00:00Z,,,,,,,,26.421513037516288
SOL-HISTVOL,2026-08-18T11:00:00Z,,,,,,,,30.42953066929459
BTC-HISTVOL,2026-08-18T12:00:00Z,,,,,,,,20.65158699789417
ETH-HISTVOL,2026-08-18T12:00:00Z,,,,,,,,26.36962699747559
SOL-HISTVOL,2026-08-18T12:00:00Z,,,,,,,,30.488760228995464
BTC-HISTVOL,2026-08-18T13:00:00Z,,,,,,,,20.63631764080755
ETH-HISTVOL,2026-08-18T13:00:00Z,,,,,,,,26.34714645872956
SOL-HISTVOL,2026-08-18T13:00:00Z,,,,,,,,30.62645747594761
BTC-HISTVOL,2026-08-18T14:00:00Z,,,,,,,,20.628239426158785
ETH-HISTVOL,2026-08-18T14:00:00Z,,,,,,,,26.34224348857424
SOL-HISTVOL,2026-08-18T14:00:00Z,,,,,,,,30.628858155290807
BTC-HISTVOL,2026-08-18T15:00:00Z,,,,,,,,19.98417019676923
ETH-HISTVOL,2026-08-18T15:00:00Z,,,,,,,,26.0176089838423
SOL-HISTVOL,2026-08-18T15:00:00Z,,,,,,,,30.093950202417226
BTC-HISTVOL,2026-08-18T16:00:00Z,,,,,,,,19.78974679044421
ETH-HISTVOL,2026-08-18T16:00:00Z,,,,,,,,25.97398753639706
SOL-HISTVOL,2026-08-18T16:00:00Z,,,,,,,,30.12932164129084
BTC-HISTVOL,2026-08-18T17:00:00Z,,,,,,,,19.71100738122612
ETH-HISTVOL,2026-08-18T17:00:00Z,,,,,,,,25.8888489151687
SOL-HISTVOL,2026-08-18T17:00:00Z,,,,,,,,30.219698244452086
BTC-HISTVOL,2026-08-18T18:00:00Z,,,,,,,,19.70059694767426
ETH-HISTVOL,2026-08-18T18:00:00Z,,,,,,,,25.877684358837985
SOL-HISTVOL,2026-08-18T18:00:00Z,,,,,,,,30.20145817303717
BTC-HISTVOL,2026-08-18T19:00:00Z,,,,,,,,19.712210135666503
ETH-HISTVOL,2026-08-18T19:00:00Z,,,,,,,,25.93177931585063
SOL-HISTVOL,2026-08-18T19:00:00Z,,,,,,,,30.16389837337078
BTC-HISTVOL,2026-08-18T20:00:00Z,,,,,,,,19.72675083157166
ETH-HISTVOL,2026-08-18T20:00:00Z,,,,,,,,25.963577946197123
SOL-HISTVOL,2026-08-18T20:00:00Z,,,,,,,,30.20442074133373
BTC-HISTVOL,2026-08-18T21:00:00Z,,,,,,,,19.750965806330285
ETH-HISTVOL,2026-08-18T21:00:00Z,,,,,,,,25.97351973870896
SOL-HISTVOL,2026-08-18T21:00:00Z,,,,,,,,30.20848199765764
BTC-HISTVOL,2026-08-18T22:00:00Z,,,,,,,,19.74833552956761
ETH-HISTVOL,2026-08-18T22:00:00Z,,,,,,,,25.972284001545223
SOL-HISTVOL,2026-08-18T22:00:00Z,,,,,,,,30.243334729594373
BTC-HISTVOL,2026-08-18T23:00:00Z,,,,,,,,19.692858044385808
ETH-HISTVOL,2026-08-18T23:00:00Z,,,,,,,,25.937012819149867
SOL-HISTVOL,2026-08-18T23:00:00Z,,,,,,,,30.237847331798587
BTC-HISTVOL,2026-08-19T00:00:00Z,,,,,,,,19.6943524493958
ETH-HISTVOL,2026-08-19T00:00:00Z,,,,,,,,25.9230293076661
SOL-HISTVOL,2026-08-19T00:00:00Z,,,,,,,,30.21577814654277
BTC-HISTVOL,2026-08-19T01:00:00Z,,,,,,,,19.69460785785173
ETH-HISTVOL,2026-08-19T01:00:00Z,,,,,,,,25.94682424220217
SOL-HISTVOL,2026-08-19T01:00:00Z,,,,,,,,30.22264447764529
BTC-HISTVOL,2026-08-19T02:00:00Z,,,,,,,,19.73221207856602
ETH-HISTVOL,2026-08-19T02:00:00Z,,,,,,,,25.838505304652674
SOL-HISTVOL,2026-08-19T02:00:00Z,,,,,,,,30.05022726444877
BTC-HISTVOL,2026-08-19T03:00:00Z,,,,,,,,19.375509335471826
ETH-HISTVOL,2026-08-19T03:00:00Z,,,,,,,,25.447807054945564
SOL-HISTVOL,2026-08-19T03:00:00Z,,,,,,,,29.68748752917484
BTC-HISTVOL,2026-08-19T04:00:00Z,,,,,,,,19.380250580503905
ETH-HISTVOL,2026-08-19T04:00:00Z,,,,,,,,25.49094927752887
SOL-HISTVOL,2026-08-19T04:00:00Z,,,,,,,,29.678838259830357
BTC-HISTVOL,2026-08-19T05:00:00Z,,,,,,,,19.379971498477552
ETH-HISTVOL,2026-08-19T05:00:00Z,,,,,,,,25.510216612242147
SOL-HISTVOL,2026-08-19T05:00:00Z,,,,,,,,29.67575450831214
BTC-HISTVOL,2026-08-19T06:00:00Z,,,,,,,,19.28895554926453
ETH-HISTVOL,2026-08-19T06:00:00Z,,,,,,,,25.49161948972473
SOL-HISTVOL,2026-08-19T06:00:00Z,,,,,,,,29.672520543357354
BTC-HISTVOL,2026-08-19T07:00:00Z,,,,,,,,19.21954668591408
ETH-HISTVOL,2026-08-19T07:00:00Z,,,,,,,,25.473587047720045
SOL-HISTVOL,2026-08-19T07:00:00Z,,,,,,,,29.66953724160218
BTC-HISTVOL,2026-08-19T08:00:00Z,,,,,,,,19.20403446974418
ETH-HISTVOL,2026-08-19T08:00:00Z,,,,,,,,25.46407668490436
SOL-HISTVOL,2026-08-19T08:00:00Z,,,,,,,,29.641652722543192
BTC-HISTVOL,2026-08-19T09:00:00Z,,,,,,,,19.207225949934248
ETH-HISTVOL,2026-08-19T09:00:00Z,,,,,,,,25.40667281850393
SOL-HISTVOL,2026-08-19T09:00:00Z,,,,,,,,29.60510324673223
BTC-HISTVOL,2026-08-19T10:00:00Z,,,,,,,,19.21261110611625
ETH-HISTVOL,2026-08-19T10:00:00Z,,,,,,,,25.39534135506061
SOL-HISTVOL,2026-08-19T10:00:00Z,,,,,,,,29.659364377818285
BTC-HISTVOL,2026-08-19T11:00:00Z,,,,,,,,19.212503413369117
ETH-HISTVOL,2026-08-19T11:00:00Z,,,,,,,,25.40140582480238
SOL-HISTVOL,2026-08-19T11:00:00Z,,,,,,,,29.660379229416687
BTC-HISTVOL,2026-08-19T12:00:00Z,,,,,,,,19.170115673344583
ETH-HISTVOL,2026-08-19T12:00:00Z,,,,,,,,25.31269846145373
SOL-HISTVOL,2026-08-19T12:00:00Z,,,,,,,,29.587401870982823
BTC-HISTVOL,2026-08-19T13:00:00Z,,,,,,,,19.13475987572493
ETH-HISTVOL,2026-08-19T13:00:00Z,,,,,,,,25.27001831812896
SOL-HISTVOL,2026-08-19T13:00:00Z,,,,,,,,29.51618422107034
BTC-HISTVOL,2026-08-19T14:00:00Z,,,,,,,,19.34558127452202
ETH-HISTVOL,2026-08-19T14:00:00Z,,,,,,,,25.530390386852016
SOL-HISTVOL,2026-08-19T14:00:00Z,,,,,,,,30.018099270330254
BTC-HISTVOL,2026-08-19T15:00:00Z,,,,,,,,19.295417813484452
ETH-HISTVOL,2026-08-19T15:00:00Z,,,,,,,,25.293546213960887
SOL-HISTVOL,2026-08-19T15:00:00Z,,,,,,,,29.98982194111317
BTC-HISTVOL,2026-08-19T16:00:00Z,,,,,,,,20.23132603429341
ETH-HISTVOL,2026-08-19T16:00:00Z,,,,,,,,26.87811019626636
SOL-HISTVOL,2026-08-19T16:00:00Z,,,,,,,,33.66034290387395
BTC-HISTVOL,2026-08-19T17:00:00Z,,,,,,,,28.076843396629137
ETH-HISTVOL,2026-08-19T17:00:00Z,,,,,,,,38.99920173160657
SOL-HISTVOL,2026-08-19T17:00:00Z,,,,,,,,34.192886058238585
BTC-HISTVOL,2026-08-19T18:00:00Z,,,,,,,,28.05329920412081
ETH-HISTVOL,2026-08-19T18:00:00Z,,,,,,,,38.99935926226171
SOL-HISTVOL,2026-08-19T18:00:00Z,,,,,,,,34.18238636744187
BTC-HISTVOL,2026-08-19T19:00:00Z,,,,,,,,28.121729561937787
ETH-HISTVOL,2026-08-19T19:00:00Z,,,,,,,,39.00121254659515
SOL-HISTVOL,2026-08-19T19:00:00Z,,,,,,,,34.18166446858136
BTC-HISTVOL,2026-08-19T20:00:00Z,,,,,,,,28.042579997517542
ETH-HISTVOL,2026-08-19T20:00:00Z,,,,,,,,38.972571313857934
SOL-HISTVOL,2026-08-19T20:00:00Z,,,,,,,,34.294718103935125
BTC-HISTVOL,2026-08-19T21:00:00Z,,,,,,,,28.036327730569173
ETH-HISTVOL,2026-08-19T21:00:00Z,,,,,,,,39.04833699124869
SOL-HISTVOL,2026-08-19T21:00:00Z,,,,,,,,34.29780927918339
BTC-HISTVOL,2026-08-19T22:00:00Z,,,,,,,,28.387455331490383
ETH-HISTVOL,2026-08-19T22:00:00Z,,,,,,,,47.27222052263073
SOL-HISTVOL,2026-08-19T22:00:00Z,,,,,,,,35.261197051395136
BTC-HISTVOL,2026-08-19T23:00:00Z,,,,,,,,28.75151362931386
ETH-HISTVOL,2026-08-19T23:00:00Z,,,,,,,,49.51444668056013
SOL-HISTVOL,2026-08-19T23:00:00Z,,,,,,,,39.05067895512497
BTC-HISTVOL,2026-08-20T00:00:00Z,,,,,,,,28.94416034224296
ETH-HISTVOL,2026-08-20T00:00:00Z,,,,,,,,50.15114286020052
SOL-HISTVOL,2026-08-20T00:00:00Z,,,,,,,,39.61314404207236
BTC-HISTVOL,2026-08-20T01:00:00Z,,,,,,,,28.920121265986985
ETH-HISTVOL,2026-08-20T01:00:00Z,,,,,,,,50.13137680410165
SOL-HISTVOL,2026-08-20T01:00:00Z,,,,,,,,39.549891526922536
BTC-HISTVOL,2026-08-20T02:00:00Z,,,,,,,,28.91327440914048
ETH-HISTVOL,2026-08-20T02:00:00Z,,,,,,,,50.14905362782021
SOL-HISTVOL,2026-08-20T02:00:00Z,,,,,,,,39.57986942401746
BTC-HISTVOL,2026-08-20T03:00:00Z,,,,,,,,28.86979580339216
ETH-HISTVOL,2026-08-20T03:00:00Z,,,,,,,,50.09597781152738
SOL-HISTVOL,2026-08-20T03:00:00Z,,,,,,,,39.42948349282767
BTC-HISTVOL,2026-08-20T04:00:00Z,,,,,,,,29.048445658822857
ETH-HISTVOL,2026-08-20T04:00:00Z,,,,,,,,50.19735414007428
SOL-HISTVOL,2026-08-20T04:00:00Z,,,,,,,,39.55918436096756
BTC-HISTVOL,2026-08-20T05:00:00Z,,,,,,,,29.02017895511156
ETH-HISTVOL,2026-08-20T05:00:00Z,,,,,,,,50.16731477476892
SOL-HISTVOL,2026-08-20T05:00:00Z,,,,,,,,39.49422675810915
BTC-HISTVOL,2026-08-20T06:00:00Z,,,,,,,,29.09946045069672
ETH-HISTVOL,2026-08-20T06:00:00Z,,,,,,,,50.167431172370975
SOL-HISTVOL,2026-08-20T06:00:00Z,,,,,,,,39.54794988173788
BTC-HISTVOL,2026-08-20T07:00:00Z,,,,,,,,29.078290498542216
ETH-HISTVOL,2026-08-20T07:00:00Z,,,,,,,,50.144234826876975
SOL-HISTVOL,2026-08-20T07:00:00Z,,,,,,,,39.483087593143054
BTC-HISTVOL,2026-08-20T08:00:00Z,,,,,,,,29.24740826470845
ETH-HISTVOL,2026-08-20T08:00:00Z,,,,,,,,50.23542501009681
SOL-HISTVOL,2026-08-20T08:00:00Z,,,,,,,,39.86278371760008
BTC-HISTVOL,2026-08-20T09:00:00Z,,,,,,,,29.24058641645876
ETH-HISTVOL,2026-08-20T09:00:00Z,,,,,,,,50.28925380396268
SOL-HISTVOL,2026-08-20T09:00:00Z,,,,,,,,39.88681895732959
BTC-HISTVOL,2026-08-20T10:00:00Z,,,,,,,,31.710605616690724
ETH-HISTVOL,2026-08-20T10:00:00Z,,,,,,,,50.7061517899252
SOL-HISTVOL,2026-08-20T10:00:00Z,,,,,,,,40.61044663894563
BTC-HISTVOL,2026-08-20T11:00:00Z,,,,,,,,31.742156125965
ETH-HISTVOL,2026-08-20T11:00:00Z,,,,,,,,50.7072473202494
SOL-HISTVOL,2026-08-20T11:00:00Z,,,,,,,,40.618567598281714
BTC-HISTVOL,2026-08-20T12:00:00Z,,,,,,,,31.763889908207894
ETH-HISTVOL,2026-08-20T12:00:00Z,,,,,,,,50.72865267612171
SOL-HISTVOL,2026-08-20T12:00:00Z,,,,,,,,40.60683986335535
BTC-HISTVOL,2026-08-20T13:00:00Z,,,,,,,,31.766856214782862
ETH-HISTVOL,2026-08-20T13:00:00Z,,,,,,,,50.77084559147995
SOL-HISTVOL,2026-08-20T13:00:00Z,,,,,,,,40.6193968376236
BTC-HISTVOL,2026-08-20T14:00:00Z,,,,,,,,31.70505301840609
ETH-HISTVOL,2026-08-20T14:00:00Z,,,,,,,,50.75142323695024
SOL-HISTVOL,2026-08-20T14:00:00Z,,,,,,,,40.58174516181418
BTC-HISTVOL,2026-08-20T15:00:00Z,,,,,,,,31.752943597807292
ETH-HISTVOL,2026-08-20T15:00:00Z,,,,,,,,50.834511532967774
SOL-HISTVOL,2026-08-20T15:00:00Z,,,,,,,,40.68286209127045
BTC-HISTVOL,2026-08-20T16:00:00Z,,,,,,,,31.762305742713547
ETH-HISTVOL,2026-08-20T16:00:00Z,,,,,,,,50.84218862329972
SOL-HISTVOL,2026-08-20T16:00:00Z,,,,,,,,40.68384844492103
BTC-HISTVOL,2026-08-20T17:00:00Z,,,,,,,,32.07435961298086
ETH-HISTVOL,2026-08-20T17:00:00Z,,,,,,,,51.78304007583842
SOL-HISTVOL,2026-08-20T17:00:00Z,,,,,,,,40.9197496550229
BTC-HISTVOL,2026-08-20T18:00:00Z,,,,,,,,32.10964783500382
ETH-HISTVOL,2026-08-20T18:00:00Z,,,,,,,,51.60953493461565
SOL-HISTVOL,2026-08-20T18:00:00Z,,,,,,,,40.92222122016069
BTC-HISTVOL,2026-08-20T19:00:00Z,,,,,,,,32.10847253053691
ETH-HISTVOL,2026-08-20T19:00:00Z,,,,,,,,51.3299703828604
SOL-HISTVOL,2026-08-20T19:00:00Z,,,,,,,,40.90984469724894
BTC-HISTVOL,2026-08-20T20:00:00Z,,,,,,,,32.175153817911735
ETH-HISTVOL,2026-08-20T20:00:00Z,,,,,,,,51.657108709963474
SOL-HISTVOL,2026-08-20T20:00:00Z,,,,,,,,41.05133570167427
BTC-HISTVOL,2026-08-20T21:00:00Z,,,,,,,,32.2050612681859
ETH-HISTVOL,2026-08-20T21:00:00Z,,,,,,,,51.6723358661425
SOL-HISTVOL,2026-08-20T21:00:00Z,,,,,,,,41.1094255177672
BTC-HISTVOL,2026-08-20T22:00:00Z,,,,,,,,32.20579802801364
ETH-HISTVOL,2026-08-20T22:00:00Z,,,,,,,,51.67925758193628
SOL-HISTVOL,2026-08-20T22:00:00Z,,,,,,,,41.14209888558508
BTC-HISTVOL,2026-08-20T23:00:00Z,,,,,,,,32.19877703526479
ETH-HISTVOL,2026-08-20T23:00:00Z,,,,,,,,51.63174260330539
SOL-HISTVOL,2026-08-20T23:00:00Z,,,,,,,,41.1076161140011
BTC-HISTVOL,2026-08-21T00:00:00Z,,,,,,,,32.19452204125326
ETH-HISTVOL,2026-08-21T00:00:00Z,,,,,,,,51.63847987496701
SOL-HISTVOL,2026-08-21T00:00:00Z,,,,,,,,41.12955968344882
BTC-HISTVOL,2026-08-21T01:00:00Z,,,,,,,,32.27828271777052
ETH-HISTVOL,2026-08-21T01:00:00Z,,,,,,,,51.70652577378176
SOL-HISTVOL,2026-08-21T01:00:00Z,,,,,,,,41.19935932538854
BTC-HISTVOL,2026-08-21T02:00:00Z,,,,,,,,32.59846599033904
ETH-HISTVOL,2026-08-21T02:00:00Z,,,,,,,,51.78494032604635
SOL-HISTVOL,2026-08-21T02:00:00Z,,,,,,,,41.32622128784257
BTC-HISTVOL,2026-08-21T03:00:00Z,,,,,,,,33.93401377492383
ETH-HISTVOL,2026-08-21T03:00:00Z,,,,,,,,51.92272150295535
SOL-HISTVOL,2026-08-21T03:00:00Z,,,,,,,,41.48624812748214
BTC-HISTVOL,2026-08-21T04:00:00Z,,,,,,,,34.24528344578705
ETH-HISTVOL,2026-08-21T04:00:00Z,,,,,,,,51.968625425325286
SOL-HISTVOL,2026-08-21T04:00:00Z,,,,,,,,41.483423423022266
BTC-HISTVOL,2026-08-21T05:00:00Z,,,,,,,,34.24621073920226
ETH-HISTVOL,2026-08-21T05:00:00Z,,,,,,,,51.977516300498
SOL-HISTVOL,2026-08-21T05:00:00Z,,,,,,,,41.49005453794769
BTC-HISTVOL,2026-08-21T06:00:00Z,,,,,,,,34.378046629075264
ETH-HISTVOL,2026-08-21T06:00:00Z,,,,,,,,51.99929153088344
SOL-HISTVOL,2026-08-21T06:00:00Z,,,,,,,,41.45717101820015
BTC-HISTVOL,2026-08-21T07:00:00Z,,,,,,,,34.47381769093344
ETH-HISTVOL,2026-08-21T07:00:00Z,,,,,,,,52.05922259460302
SOL-HISTVOL,2026-08-21T07:00:00Z,,,,,,,,41.73681820949498
BTC-HISTVOL,2026-08-21T08:00:00Z,,,,,,,,34.4908884420992
ETH-HISTVOL,2026-08-21T08:00:00Z,,,,,,,,52.06494787373729
SOL-HISTVOL,2026-08-21T08:00:00Z,,,,,,,,41.7347627575196
BTC-HISTVOL,2026-08-21T09:00:00Z,,,,,,,,34.76871012075599
ETH-HISTVOL,2026-08-21T09:00:00Z,,,,,,,,52.05280062425332
SOL-HISTVOL,2026-08-21T09:00:00Z,,,,,,,,41.72975895111874
BTC-HISTVOL,2026-08-21T10:00:00Z,,,,,,,,39.4986521534093
ETH-HISTVOL,2026-08-21T10:00:00Z,,,,,,,,54.11702551656519
SOL-HISTVOL,2026-08-21T10:00:00Z,,,,,,,,44.42597611402115
BTC-HISTVOL,2026-08-21T11:00:00Z,,,,,,,,40.349794503528734
ETH-HISTVOL,2026-08-21T11:00:00Z,,,,,,,,54.66461008457647
SOL-HISTVOL,2026-08-21T11:00:00Z,,,,,,,,44.95030062531151
BTC-HISTVOL,2026-08-21T12:00:00Z,,,,,,,,40.350558010767735
ETH-HISTVOL,2026-08-21T12:00:00Z,,,,,,,,54.67881715914261
SOL-HISTVOL,2026-08-21T12:00:00Z,,,,,,,,44.96344582734203
BTC-HISTVOL,2026-08-21T13:00:00Z,,,,,,,,40.95065576029407
ETH-HISTVOL,2026-08-21T13:00:00Z,,,,,,,,54.90574910415482
SOL-HISTVOL,2026-08-21T13:00:00Z,,,,,,,,45.41192229787431
BTC-HISTVOL,2026-08-21T14:00:00Z,,,,,,,,41.036264627988565
ETH-HISTVOL,2026-08-21T14:00:00Z,,,,,,,,54.98181119973693
SOL-HISTVOL,2026-08-21T14:00:00Z,,,,,,,,45.46438415066336
BTC-HISTVOL,2026-08-21T15:00:00Z,,,,,,,,41.03975059198801
ETH-HISTVOL,2026-08-21T15:00:00Z,,,,,,,,54.93488238781144
SOL-HISTVOL,2026-08-21T15:00:00Z,,,,,,,,45.47807343512524
BTC-HISTVOL,2026-08-21T16:00:00Z,,,,,,,,40.96169041073306
ETH-HISTVOL,2026-08-21T16:00:00Z,,,,,,,,54.91519134424521
SOL-HISTVOL,2026-08-21T16:00:00Z,,,,,,,,45.66115472363411
BTC-HISTVOL,2026-08-21T17:00:00Z,,,,,,,,40.96697684640957
ETH-HISTVOL,2026-08-21T17:00:00Z,,,,,,,,54.9063040708665
SOL-HISTVOL,2026-08-21T17:00:00Z,,,,,,,,45.74794889315357
BTC-HISTVOL,2026-08-21T18:00:00Z,,,,,,,,40.99482279593853
ETH-HISTVOL,2026-08-21T18:00:00Z,,,,,,,,54.95994018319745
SOL-HISTVOL,2026-08-21T18:00:00Z,,,,,,,,45.76377308233714
BTC-HISTVOL,2026-08-21T19:00:00Z,,,,,,,,40.98609956289428
ETH-HISTVOL,2026-08-21T19:00:00Z,,,,,,,,55.07724481537738
SOL-HISTVOL,2026-08-21T19:00:00Z,,,,,,,,45.73903552610698
BTC-HISTVOL,2026-08-21T20:00:00Z,,,,,,,,40.993989015606175
ETH-HISTVOL,2026-08-21T20:00:00Z,,,,,,,,55.0427597290815
SOL-HISTVOL,2026-08-21T20:00:00Z,,,,,,,,45.68621470697267
BTC-HISTVOL,2026-08-21T21:00:00Z,,,,,,,,40.99813261028044
ETH-HISTVOL,2026-08-21T21:00:00Z,,,,,,,,55.0507852891358
SOL-HISTVOL,2026-08-21T21:00:00Z,,,,,,,,45.80123687962218
BTC-HISTVOL,2026-08-21T22:00:00Z,,,,,,,,41.12185256313896
ETH-HISTVOL,2026-08-21T22:00:00Z,,,,,,,,55.32660494680684
SOL-HISTVOL,2026-08-21T22:00:00Z,,,,,,,,46.05476930460215
BTC-HISTVOL,2026-08-21T23:00:00Z,,,,,,,,41.60676378036382
ETH-HISTVOL,2026-08-21T23:00:00Z,,,,,,,,57.20833216949817
SOL-HISTVOL,2026-08-21T23:00:00Z,,,,,,,,47.15345013669356
BTC-HISTVOL,2026-08-22T00:00:00Z,,,,,,,,41.60267189155287
ETH-HISTVOL,2026-08-22T00:00:00Z,,,,,,,,57.22859037284972
SOL-HISTVOL,2026-08-22T00:00:00Z,,,,,,,,47.222852384209794
BTC-HISTVOL,2026-08-22T01:00:00Z,,,,,,,,41.60794874264065
ETH-HISTVOL,2026-08-22T01:00:00Z,,,,,,,,57.23786633006971
SOL-HISTVOL,2026-08-22T01:00:00Z,,,,,,,,47.31249005053861
BTC-HISTVOL,2026-08-22T02:00:00Z,,,,,,,,41.68208956459079
ETH-HISTVOL,2026-08-22T02:00:00Z,,,,,,,,57.24930709806874
SOL-HISTVOL,2026-08-22T02:00:00Z,,,,,,,,47.318784441796936
BTC-HISTVOL,2026-08-22T03:00:00Z,,,,,,,,41.67883951618727
ETH-HISTVOL,2026-08-22T03:00:00Z,,,,,,,,57.3084731781312
SOL-HISTVOL,2026-08-22T03:00:00Z,,,,,,,,47.32319072255011
BTC-HISTVOL,2026-08-22T04:00:00Z,,,,,,,,41.86071251921059
ETH-HISTVOL,2026-08-22T04:00:00Z,,,,,,,,57.32251117329384
SOL-HISTVOL,2026-08-22T04:00:00Z,,,,,,,,48.35841655768907
BTC-HISTVOL,2026-08-22T05:00:00Z,,,,,,,,41.8541314521812
ETH-HISTVOL,2026-08-22T05:00:00Z,,,,,,,,57.306109595507856
SOL-HISTVOL,2026-08-22T05:00:00Z,,,,,,,,48.71061740334983
BTC-HISTVOL,2026-08-22T06:00:00Z,,,,,,,,41.85491518932341
ETH-HISTVOL,2026-08-22T06:00:00Z,,,,,,,,57.30610949860583
SOL-HISTVOL,2026-08-22T06:00:00Z,,,,,,,,50.11160294143311
BTC-HISTVOL,2026-08-22T07:00:00Z,,,,,,,,42.42428353529616
ETH-HISTVOL,2026-08-22T07:00:00Z,,,,,,,,59.2046523529597
SOL-HISTVOL,2026-08-22T07:00:00Z,,,,,,,,56.00820399934401
BTC-HISTVOL,2026-08-22T08:00:00Z,,,,,,,,42.42951936891897
ETH-HISTVOL,2026-08-22T08:00:00Z,,,,,,,,59.20061496901487
SOL-HISTVOL,2026-08-22T08:00:00Z,,,,,,,,56.00929653367843
BTC-HISTVOL,2026-08-22T09:00:00Z,,,,,,,,42.44779218151354
ETH-HISTVOL,2026-08-22T09:00:00Z,,,,,,,,59.2061613933564
SOL-HISTVOL,2026-08-22T09:00:00Z,,,,,,,,56.0134685189536
BTC-HISTVOL,2026-08-22T10:00:00Z,,,,,,,,42.39445608249552
ETH-HISTVOL,2026-08-22T10:00:00Z,,,,,,,,59.18470259781621
SOL-HISTVOL,2026-08-22T10:00:00Z,,,,,,,,56.01494663593007
BTC-HISTVOL,2026-08-22T11:00:00Z,,,,,,,,42.36604565968475
ETH-HISTVOL,2026-08-22T11:00:00Z,,,,,,,,59.18582116500421
SOL-HISTVOL,2026-08-22T11:00:00Z,,,,,,,,55.948536503645975
BTC-HISTVOL,2026-08-22T12:00:00Z,,,,,,,,42.3672453957936
ETH-HISTVOL,2026-08-22T12:00:00Z,,,,,,,,59.21565842005548
SOL-HISTVOL,2026-08-22T12:00:00Z,,,,,,,,56.21704855207647
BTC-HISTVOL,2026-08-22T13:00:00Z,,,,,,,,42.36628876043308
ETH-HISTVOL,2026-08-22T13:00:00Z,,,,,,,,59.252204387276166
SOL-HISTVOL,2026-08-22T13:00:00Z,,,,,,,,56.25586144776639
BTC-HISTVOL,2026-08-22T14:00:00Z,,,,,,,,42.33275053308848
ETH-HISTVOL,2026-08-22T14:00:00Z,,,,,,,,59.11570480000486
SOL-HISTVOL,2026-08-22T14:00:00Z,,,,,,,,56.301367016193225
BTC-HISTVOL,2026-08-22T15:00:00Z,,,,,,,,42.27839633850714
ETH-HISTVOL,2026-08-22T15:00:00Z,,,,,,,,59.071534144936045
SOL-HISTVOL,2026-08-22T15:00:00Z,,,,,,,,56.29971348292347
BTC-HISTVOL,2026-08-22T16:00:00Z,,,,,,,,42.31658333047661
ETH-HISTVOL,2026-08-22T16:00:00Z,,,,,,,,59.114359146248574
SOL-HISTVOL,2026-08-22T16:00:00Z,,,,,,,,56.42000812426436
BTC-HISTVOL,2026-08-22T17:00:00Z,,,,,,,,42.31470182127807
ETH-HISTVOL,2026-08-22T17:00:00Z,,,,,,,,59.10820563816286
SOL-HISTVOL,2026-08-22T17:00:00Z,,,,,,,,56.4169544131716
BTC-HISTVOL,2026-08-22T18:00:00Z,,,,,,,,42.3542599825374
ETH-HISTVOL,2026-08-22T18:00:00Z,,,,,,,,59.11992638840592
SOL-HISTVOL,2026-08-22T18:00:00Z,,,,,,,,56.75053872048644
BTC-HISTVOL,2026-08-22T19:00:00Z,,,,,,,,42.35282703825698
ETH-HISTVOL,2026-08-22T19:00:00Z,,,,,,,,59.120332125249895
SOL-HISTVOL,2026-08-22T19:00:00Z,,,,,,,,56.74135397113931
BTC-HISTVOL,2026-08-22T20:00:00Z,,,,,,,,42.35168308960348
ETH-HISTVOL,2026-08-22T20:00:00Z,,,,,,,,59.11651177417328
SOL-HISTVOL,2026-08-22T20:00:00Z,,,,,,,,56.751186695351365
BTC-HISTVOL,2026-08-22T21:00:00Z,,,,,,,,42.322855439021104
ETH-HISTVOL,2026-08-22T21:00:00Z,,,,,,,,59.11418677893294
SOL-HISTVOL,2026-08-22T21:00:00Z,,,,,,,,56.59829515195651
BTC-HISTVOL,2026-08-22T22:00:00Z,,,,,,,,42.32768603865913
ETH-HISTVOL,2026-08-22T22:00:00Z,,,,,,,,59.12349110754519
SOL-HISTVOL,2026-08-22T22:00:00Z,,,,,,,,56.585747267482766
BTC-HISTVOL,2026-08-22T23:00:00Z,,,,,,,,42.43199595225245
ETH-HISTVOL,2026-08-22T23:00:00Z,,,,,,,,59.333124325969735
SOL-HISTVOL,2026-08-22T23:00:00Z,,,,,,,,57.19177409904374
BTC-HISTVOL,2026-08-23T00:00:00Z,,,,,,,,42.44023721917009
ETH-HISTVOL,2026-08-23T00:00:00Z,,,,,,,,59.34672725190068
SOL-HISTVOL,2026-08-23T00:00:00Z,,,,,,,,57.34252567316968
BTC-HISTVOL,2026-08-23T01:00:00Z,,,,,,,,42.44229836978868
ETH-HISTVOL,2026-08-23T01:00:00Z,,,,,,,,59.37269725910053
SOL-HISTVOL,2026-08-23T01:00:00Z,,,,,,,,57.353145558643824
BTC-HISTVOL,2026-08-23T02:00:00Z,,,,,,,,42.46794990448345
ETH-HISTVOL,2026-08-23T02:00:00Z,,,,,,,,59.39634088125598
SOL-HISTVOL,2026-08-23T02:00:00Z,,,,,,,,58.82541076062022
BTC-HISTVOL,2026-08-23T03:00:00Z,,,,,,,,42.47389766515334
ETH-HISTVOL,2026-08-23T03:00:00Z,,,,,,,,59.41744568486144
SOL-HISTVOL,2026-08-23T03:00:00Z,,,,,,,,58.84158956441933
BTC-HISTVOL,2026-08-23T04:00:00Z,,,,,,,,42.4803423531326
ETH-HISTVOL,2026-08-23T04:00:00Z,,,,,,,,59.43055267476458
SOL-HISTVOL,2026-08-23T04:00:00Z,,,,,,,,59.12543895521312
BTC-HISTVOL,2026-08-23T05:00:00Z,,,,,,,,42.48387857381999
ETH-HISTVOL,2026-08-23T05:00:00Z,,,,,,,,59.42061988867216
SOL-HISTVOL,2026-08-23T05:00:00Z,,,,,,,,59.095098081630944
BTC-HISTVOL,2026-08-23T06:00:00Z,,,,,,,,42.53272573445552
ETH-HISTVOL,2026-08-23T06:00:00Z,,,,,,,,59.848140826454696
SOL-HISTVOL,2026-08-23T06:00:00Z,,,,,,,,59.38605880369531
BTC-HISTVOL,2026-08-23T07:00:00Z,,,,,,,,42.67901469555409
ETH-HISTVOL,2026-08-23T07:00:00Z,,,,,,,,59.85888283496531
SOL-HISTVOL,2026-08-23T07:00:00Z,,,,,,,,59.4005014062788
BTC-HISTVOL,2026-08-23T08:00:00Z,,,,,,,,42.679515182680056
ETH-HISTVOL,2026-08-23T08:00:00Z,,,,,,,,59.95281500197095
SOL-HISTVOL,2026-08-23T08:00:00Z,,,,,,,,59.40079949297741
BTC-HISTVOL,2026-08-23T09:00:00Z,,,,,,,,42.68416451399772
ETH-HISTVOL,2026-08-23T09:00:00Z,,,,,,,,59.95227486274773
SOL-HISTVOL,2026-08-23T09:00:00Z,,,,,,,,59.40742378548747
BTC-HISTVOL,2026-08-23T10:00:00Z,,,,,,,,42.8013731254245
ETH-HISTVOL,2026-08-23T10:00:00Z,,,,,,,,60.15280389475804
SOL-HISTVOL,2026-08-23T10:00:00Z,,,,,,,,59.5354271661206
BTC-HISTVOL,2026-08-23T11:00:00Z,,,,,,,,42.8034407819264
ETH-HISTVOL,2026-08-23T11:00:00Z,,,,,,,,60.15133450129754
SOL-HISTVOL,2026-08-23T11:00:00Z,,,,,,,,59.53824635656322
BTC-HISTVOL,2026-08-23T12:00:00Z,,,,,,,,42.83046405551998
ETH-HISTVOL,2026-08-23T12:00:00Z,,,,,,,,60.15302362317463
SOL-HISTVOL,2026-08-23T12:00:00Z,,,,,,,,59.54395981567856
BTC-HISTVOL,2026-08-23T13:00:00Z,,,,,,,,42.95958070164807
ETH-HISTVOL,2026-08-23T13:00:00Z,,,,,,,,60.271618804048494
SOL-HISTVOL,2026-08-23T13:00:00Z,,,,,,,,59.67446030792809
BTC-HISTVOL,2026-08-23T14:00:00Z,,,,,,,,42.96277641769432
ETH-HISTVOL,2026-08-23T14:00:00Z,,,,,,,,60.28524097873376
SOL-HISTVOL,2026-08-23T14:00:00Z,,,,,,,,59.66626545539218
BTC-HISTVOL,2026-08-23T15:00:00Z,,,,,,,,42.99951794798216
ETH-HISTVOL,2026-08-23T15:00:00Z,,,,,,,,60.64333561116206
SOL-HISTVOL,2026-08-23T15:00:00Z,,,,,,,,59.80843274055544
BTC-HISTVOL,2026-08-23T16:00:00Z,,,,,,,,43.03524668145471
ETH-HISTVOL,2026-08-23T16:00:00Z,,,,,,,,60.78020703559162
SOL-HISTVOL,2026-08-23T16:00:00Z,,,,,,,,59.51157379960642
BTC-HISTVOL,2026-08-23T17:00:00Z,,,,,,,,43.034504642791696
ETH-HISTVOL,2026-08-23T17:00:00Z,,,,,,,,60.77941727208071
SOL-HISTVOL,2026-08-23T17:00:00Z,,,,,,,,59.52741388021377
BTC-HISTVOL,2026-08-23T18:00:00Z,,,,,,,,43.06951491340054
ETH-HISTVOL,2026-08-23T18:00:00Z,,,,,,,,60.829733234009424
SOL-HISTVOL,2026-08-23T18:00:00Z,,,,,,,,59.52806614068722
BTC-HISTVOL,2026-08-23T19:00:00Z,,,,,,,,43.09362420680303
ETH-HISTVOL,2026-08-23T19:00:00Z,,,,,,,,60.86539253071287
SOL-HISTVOL,2026-08-23T19:00:00Z,,,,,,,,59.54580428957934
BTC-HISTVOL,2026-08-23T20:00:00Z,,,,,,,,43.09975225708798
ETH-HISTVOL,2026-08-23T20:00:00Z,,,,,,,,60.88471979453452
SOL-HISTVOL,2026-08-23T20:00:00Z,,,,,,,,59.53098119116994
BTC-HISTVOL,2026-08-23T21:00:00Z,,,,,,,,43.0991229875711
ETH-HISTVOL,2026-08-23T21:00:00Z,,,,,,,,60.88896596928632
SOL-HISTVOL,2026-08-23T21:00:00Z,,,,,,,,59.54235212872442
BTC-HISTVOL,2026-08-23T22:00:00Z,,,,,,,,43.10113174724074
ETH-HISTVOL,2026-08-23T22:00:00Z,,,,,,,,60.89824771039753
SOL-HISTVOL,2026-08-23T22:00:00Z,,,,,,,,59.53914998578145
BTC-HISTVOL,2026-08-23T23:00:00Z,,,,,,,,43.187996081642375
ETH-HISTVOL,2026-08-23T23:00:00Z,,,,,,,,61.02990660046703
SOL-HISTVOL,2026-08-23T23:00:00Z,,,,,,,,59.55842104595323
BTC-HISTVOL,2026-08-24T00:00:00Z,,,,,,,,43.209574619321344
ETH-HISTVOL,2026-08-24T00:00:00Z,,,,,,,,61.09538446649735
SOL-HISTVOL,2026-08-24T00:00:00Z,,,,,,,,59.53840778493241
BTC-HISTVOL,2026-08-24T01:00:00Z,,,,,,,,43.21632633326959
ETH-HISTVOL,2026-08-24T01:00:00Z,,,,,,,,61.11783752638954
SOL-HISTVOL,2026-08-24T01:00:00Z,,,,,,,,59.54098424152371
BTC-HISTVOL,2026-08-24T02:00:00Z,,,,,,,,43.21753998125463
ETH-HISTVOL,2026-08-24T02:00:00Z,,,,,,,,61.11810954934929
SOL-HISTVOL,2026-08-24T02:00:00Z,,,,,,,,59.54409492327496
BTC-HISTVOL,2026-08-24T03:00:00Z,,,,,,,,43.4782849545856
ETH-HISTVOL,2026-08-24T03:00:00Z,,,,,,,,61.55308214573659
SOL-HISTVOL,2026-08-24T03:00:00Z,,,,,,,,60.17876834776503
BTC-HISTVOL,2026-08-24T04:00:00Z,,,,,,,,43.62306835694412
ETH-HISTVOL,2026-08-24T04:00:00Z,,,,,,,,61.62313073043569
SOL-HISTVOL,2026-08-24T04:00:00Z,,,,,,,,60.29562407472198
BTC-HISTVOL,2026-08-24T05:00:00Z,,,,,,,,43.757172676964274
ETH-HISTVOL,2026-08-24T05:00:00Z,,,,,,,,61.67987240260278
SOL-HISTVOL,2026-08-24T05:00:00Z,,,,,,,,60.47908970296295
BTC-HISTVOL,2026-08-24T06:00:00Z,,,,,,,,43.75783361699635
ETH-HISTVOL,2026-08-24T06:00:00Z,,,,,,,,61.69902442454606
SOL-HISTVOL,2026-08-24T06:00:00Z,,,,,,,,60.54879872008489
BTC-HISTVOL,2026-08-24T07:00:00Z,,,,,,,,43.78963770764688
ETH-HISTVOL,2026-08-24T07:00:00Z,,,,,,,,61.73829913810963
SOL-HISTVOL,2026-08-24T07:00:00Z,,,,,,,,60.54904500035336
BTC-HISTVOL,2026-08-24T08:00:00Z,,,,,,,,43.83039626432323
ETH-HISTVOL,2026-08-24T08:00:00Z,,,,,,,,61.7437043457229
SOL-HISTVOL,2026-08-24T08:00:00Z,,,,,,,,60.505237995782096
BTC-HISTVOL,2026-08-24T09:00:00Z,,,,,,,,43.842691946947326
ETH-HISTVOL,2026-08-24T09:00:00Z,,,,,,,,61.74495236504392
SOL-HISTVOL,2026-08-24T09:00:00Z,,,,,,,,60.550694934449375
BTC-HISTVOL,2026-08-24T10:00:00Z,,,,,,,,43.8753238517098
ETH-HISTVOL,2026-08-24T10:00:00Z,,,,,,,,61.73972114715844
SOL-HISTVOL,2026-08-24T10:00:00Z,,,,,,,,60.55445671542122
BTC-HISTVOL,2026-08-24T11:00:00Z,,,,,,,,43.99289092758925
ETH-HISTVOL,2026-08-24T11:00:00Z,,,,,,,,61.74589429233026
SOL-HISTVOL,2026-08-24T11:00:00Z,,,,,,,,60.666674020903
BTC-HISTVOL,2026-08-24T12:00:00Z,,,,,,,,43.990984102992655
ETH-HISTVOL,2026-08-24T12:00:00Z,,,,,,,,61.7464895079596
SOL-HISTVOL,2026-08-24T12:00:00Z,,,,,,,,60.666061825332704
BTC-HISTVOL,2026-08-24T13:00:00Z,,,,,,,,44.29783291458458
ETH-HISTVOL,2026-08-24T13:00:00Z,,,,,,,,62.02230473887714
SOL-HISTVOL,2026-08-24T13:00:00Z,,,,,,,,60.94335423788429
BTC-HISTVOL,2026-08-24T14:00:00Z,,,,,,,,44.51977997221005
ETH-HISTVOL,2026-08-24T14:00:00Z,,,,,,,,62.12353943972175
SOL-HISTVOL,2026-08-24T14:00:00Z,,,,,,,,60.97798354465791
BTC-HISTVOL,2026-08-24T15:00:00Z,,,,,,,,44.61598946016021
ETH-HISTVOL,2026-08-24T15:00:00Z,,,,,,,,62.22006427989077
SOL-HISTVOL,2026-08-24T15:00:00Z,,,,,,,,61.30556766958163
BTC-HISTVOL,2026-08-24T16:00:00Z,,,,,,,,44.982662443249325
ETH-HISTVOL,2026-08-24T16:00:00Z,,,,,,,,62.37491883231972
SOL-HISTVOL,2026-08-24T16:00:00Z,,,,,,,,61.49057885241912
BTC-HISTVOL,2026-08-24T17:00:00Z,,,,,,,,45.05904276500986
ETH-HISTVOL,2026-08-24T17:00:00Z,,,,,,,,62.629192071344455
SOL-HISTVOL,2026-08-24T17:00:00Z,,,,,,,,61.46078872423121
BTC-HISTVOL,2026-08-24T18:00:00Z,,,,,,,,45.05921882755702
ETH-HISTVOL,2026-08-24T18:00:00Z,,,,,,,,62.65268865921734
SOL-HISTVOL,2026-08-24T18:00:00Z,,,,,,,,61.49128925371595
BTC-HISTVOL,2026-08-24T19:00:00Z,,,,,,,,45.09627268570453
ETH-HISTVOL,2026-08-24T19:00:00Z,,,,,,,,62.67771447632628
SOL-HISTVOL,2026-08-24T19:00:00Z,,,,,,,,61.57482866734853
BTC-HISTVOL,2026-08-24T20:00:00Z,,,,,,,,45.11014006796179
ETH-HISTVOL,2026-08-24T20:00:00Z,,,,,,,,62.6851247165728
SOL-HISTVOL,2026-08-24T20:00:00Z,,,,,,,,61.63707708004902
BTC-HISTVOL,2026-08-24T21:00:00Z,,,,,,,,45.12420419923226
ETH-HISTVOL,2026-08-24T21:00:00Z,,,,,,,,62.68782287393402
SOL-HISTVOL,2026-08-24T21:00:00Z,,,,,,,,61.7144100302808
BTC-HISTVOL,2026-08-24T22:00:00Z,,,,,,,,45.13554745648101
ETH-HISTVOL,2026-08-24T22:00:00Z,,,,,,,,62.69109364989928
SOL-HISTVOL,2026-08-24T22:00:00Z,,,,,,,,61.71407612623144
BTC-HISTVOL,2026-08-24T23:00:00Z,,,,,,,,45.134750401102536
ETH-HISTVOL,2026-08-24T23:00:00Z,,,,,,,,62.7096236301413
SOL-HISTVOL,2026-08-24T23:00:00Z,,,,,,,,61.91462844449103
BTC-HISTVOL,2026-08-25T00:00:00Z,,,,,,,,45.148653107957685
ETH-HISTVOL,2026-08-25T00:00:00Z,,,,,,,,62.72355285722826
SOL-HISTVOL,2026-08-25T00:00:00Z,,,,,,,,61.81780334295072
BTC-HISTVOL,2026-08-25T01:00:00Z,,,,,,,,45.1538061924508
ETH-HISTVOL,2026-08-25T01:00:00Z,,,,,,,,62.7009202444821
SOL-HISTVOL,2026-08-25T01:00:00Z,,,,,,,,62.19428514623337
BTC-HISTVOL,2026-08-25T02:00:00Z,,,,,,,,45.3887263350634
ETH-HISTVOL,2026-08-25T02:00:00Z,,,,,,,,62.73615255552537
SOL-HISTVOL,2026-08-25T02:00:00Z,,,,,,,,63.65986058429479
BTC-HISTVOL,2026-08-25T03:00:00Z,,,,,,,,45.359467033906654
ETH-HISTVOL,2026-08-25T03:00:00Z,,,,,,,,62.65526078971257
SOL-HISTVOL,2026-08-25T03:00:00Z,,,,,,,,63.919991216177785
BTC-HISTVOL,2026-08-25T04:00:00Z,,,,,,,,45.63619685920815
ETH-HISTVOL,2026-08-25T04:00:00Z,,,,,,,,62.69832786538423
SOL-HISTVOL,2026-08-25T04:00:00Z,,,,,,,,63.95423284414944
BTC-HISTVOL,2026-08-25T05:00:00Z,,,,,,,,45.63814813602667
ETH-HISTVOL,2026-08-25T05:00:00Z,,,,,,,,62.701609966595285
SOL-HISTVOL,2026-08-25T05:00:00Z,,,,,,,,64.02873694068663
BTC-HISTVOL,2026-08-25T06:00:00Z,,,,,,,,45.64390925323863
ETH-HISTVOL,2026-08-25T06:00:00Z,,,,,,,,62.70622621716025
SOL-HISTVOL,2026-08-25T06:00:00Z,,,,,,,,64.04122941151817
BTC-HISTVOL,2026-08-25T07:00:00Z,,,,,,,,45.68603274140731
ETH-HISTVOL,2026-08-25T07:00:00Z,,,,,,,,62.73533486024674
SOL-HISTVOL,2026-08-25T07:00:00Z,,,,,,,,64.0669081262892
BTC-HISTVOL,2026-08-25T08:00:00Z,,,,,,,,45.680513089006894
ETH-HISTVOL,2026-08-25T08:00:00Z,,,,,,,,62.74276452342302
SOL-HISTVOL,2026-08-25T08:00:00Z,,,,,,,,64.30043470921423
BTC-HISTVOL,2026-08-25T09:00:00Z,,,,,,,,45.97661354775584
ETH-HISTVOL,2026-08-25T09:00:00Z,,,,,,,,62.88856087445022
SOL-HISTVOL,2026-08-25T09:00:00Z,,,,,,,,64.34849941330867
BTC-HISTVOL,2026-08-25T10:00:00Z,,,,,,,,45.99635651827375
ETH-HISTVOL,2026-08-25T10:00:00Z,,,,,,,,62.89820922087631
SOL-HISTVOL,2026-08-25T10:00:00Z,,,,,,,,64.3514608037009
BTC-HISTVOL,2026-08-25T11:00:00Z,,,,,,,,46.17458741827954
ETH-HISTVOL,2026-08-25T11:00:00Z,,,,,,,,62.87388681351231
SOL-HISTVOL,2026-08-25T11:00:00Z,,,,,,,,64.3684337184304
BTC-HISTVOL,2026-08-25T12:00:00Z,,,,,,,,46.17941035707625
ETH-HISTVOL,2026-08-25T12:00:00Z,,,,,,,,62.89071402808032
SOL-HISTVOL,2026-08-25T12:00:00Z,,,,,,,,64.35376301368744
BTC-HISTVOL,2026-08-25T13:00:00Z,,,,,,,,46.18553434065798
ETH-HISTVOL,2026-08-25T13:00:00Z,,,,,,,,62.89133055877513
SOL-HISTVOL,2026-08-25T13:00:00Z,,,,,,,,64.54786386933533
BTC-HISTVOL,2026-08-25T14:00:00Z,,,,,,,,46.151210870857135
ETH-HISTVOL,2026-08-25T14:00:00Z,,,,,,,,62.78780650110473
SOL-HISTVOL,2026-08-25T14:00:00Z,,,,,,,,64.49691923216581
BTC-HISTVOL,2026-08-25T15:00:00Z,,,,,,,,46.14199249509858
ETH-HISTVOL,2026-08-25T15:00:00Z,,,,,,,,62.80245251550615
SOL-HISTVOL,2026-08-25T15:00:00Z,,,,,,,,64.88655269050355
BTC-HISTVOL,2026-08-25T16:00:00Z,,,,,,,,46.29506697938574
ETH-HISTVOL,2026-08-25T16:00:00Z,,,,,,,,62.88093527543037
SOL-HISTVOL,2026-08-25T16:00:00Z,,,,,,,,65.11285761442431
BTC-HISTVOL,2026-08-25T17:00:00Z,,,,,,,,46.25753656898667
ETH-HISTVOL,2026-08-25T17:00:00Z,,,,,,,,62.74363738040875
SOL-HISTVOL,2026-08-25T17:00:00Z,,,,,,,,65.08928571921255
BTC-HISTVOL,2026-08-25T18:00:00Z,,,,,,,,46.20829525746024
ETH-HISTVOL,2026-08-25T18:00:00Z,,,,,,,,62.77734504026622
SOL-HISTVOL,2026-08-25T18:00:00Z,,,,,,,,65.07165874393066
BTC-HISTVOL,2026-08-25T19:00:00Z,,,,,,,,46.20954428265478
ETH-HISTVOL,2026-08-25T19:00:00Z,,,,,,,,62.775939998234
SOL-HISTVOL,2026-08-25T19:00:00Z,,,,,,,,65.04820667900005
BTC-HISTVOL,2026-08-25T20:00:00Z,,,,,,,,46.211841628487775
ETH-HISTVOL,2026-08-25T20:00:00Z,,,,,,,,62.779213495309456
SOL-HISTVOL,2026-08-25T20:00:00Z,,,,,,,,65.0622169222709
BTC-HISTVOL,2026-08-25T21:00:00Z,,,,,,,,46.21273246984285
ETH-HISTVOL,2026-08-25T21:00:00Z,,,,,,,,62.76623445760016
SOL-HISTVOL,2026-08-25T21:00:00Z,,,,,,,,65.08068282793971
BTC-HISTVOL,2026-08-25T22:00:00Z,,,,,,,,46.431177459224
ETH-HISTVOL,2026-08-25T22:00:00Z,,,,,,,,63.00286959125782
SOL-HISTVOL,2026-08-25T22:00:00Z,,,,,,,,65.38624036846882
BTC-HISTVOL,2026-08-25T23:00:00Z,,,,,,,,46.46683354411916
ETH-HISTVOL,2026-08-25T23:00:00Z,,,,,,,,62.99670519838728
SOL-HISTVOL,2026-08-25T23:00:00Z,,,,,,,,65.43155467280565
BTC-HISTVOL,2026-08-26T00:00:00Z,,,,,,,,46.50933965289191
ETH-HISTVOL,2026-08-26T00:00:00Z,,,,,,,,63.04304058600848
SOL-HISTVOL,2026-08-26T00:00:00Z,,,,,,,,65.42988250059877
BTC-HISTVOL,2026-08-26T01:00:00Z,,,,,,,,46.56349222650732
ETH-HISTVOL,2026-08-26T01:00:00Z,,,,,,,,63.08088311444818
SOL-HISTVOL,2026-08-26T01:00:00Z,,,,,,,,65.49135504817775
BTC-HISTVOL,2026-08-26T02:00:00Z,,,,,,,,46.56654637712857
ETH-HISTVOL,2026-08-26T02:00:00Z,,,,,,,,63.08433269630924
SOL-HISTVOL,2026-08-26T02:00:00Z,,,,,,,,65.48821693425003
BTC-HISTVOL,2026-08-26T03:00:00Z,,,,,,,,46.57930029031439
ETH-HISTVOL,2026-08-26T03:00:00Z,,,,,,,,63.10722517140976
SOL-HISTVOL,2026-08-26T03:00:00Z,,,,,,,,65.49979745439094
BTC-HISTVOL,2026-08-26T04:00:00Z,,,,,,,,46.6150981741629
ETH-HISTVOL,2026-08-26T04:00:00Z,,,,,,,,63.13670068170746
SOL-HISTVOL,2026-08-26T04:00:00Z,,,,,,,,65.51344978722643
BTC-HISTVOL,2026-08-26T05:00:00Z,,,,,,,,46.60919357073212
ETH-HISTVOL,2026-08-26T05:00:00Z,,,,,,,,63.13374303305317
SOL-HISTVOL,2026-08-26T05:00:00Z,,,,,,,,65.52324693428191
BTC-HISTVOL,2026-08-26T06:00:00Z,,,,,,,,46.62809453792359
ETH-HISTVOL,2026-08-26T06:00:00Z,,,,,,,,63.144668508407314
SOL-HISTVOL,2026-08-26T06:00:00Z,,,,,,,,65.56130283129345
BTC-HISTVOL,2026-08-26T07:00:00Z,,,,,,,,46.65441541188167
ETH-HISTVOL,2026-08-26T07:00:00Z,,,,,,,,63.16114962304112
SOL-HISTVOL,2026-08-26T07:00:00Z,,,,,,,,65.57843907409952
BTC-HISTVOL,2026-08-26T08:00:00Z,,,,,,,,46.66183336949946
ETH-HISTVOL,2026-08-26T08:00:00Z,,,,,,,,63.16815396270968
SOL-HISTVOL,2026-08-26T08:00:00Z,,,,,,,,65.59437861113493
BTC-HISTVOL,2026-08-26T09:00:00Z,,,,,,,,46.65589803218979
ETH-HISTVOL,2026-08-26T09:00:00Z,,,,,,,,63.162114107483326
SOL-HISTVOL,2026-08-26T09:00:00Z,,,,,,,,65.59397361971797
BTC-HISTVOL,2026-08-26T10:00:00Z,,,,,,,,46.67320736229786
ETH-HISTVOL,2026-08-26T10:00:00Z,,,,,,,,63.16976637118583
SOL-HISTVOL,2026-08-26T10:00:00Z,,,,,,,,65.57889403572622
BTC-HISTVOL,2026-08-26T11:00:00Z,,,,,,,,46.68303732826864
ETH-HISTVOL,2026-08-26T11:00:00Z,,,,,,,,63.173173201843774
SOL-HISTVOL,2026-08-26T11:00:00Z,,,,,,,,65.65826012594223
BTC-HISTVOL,2026-08-26T12:00:00Z,,,,,,,,46.71209930248185
ETH-HISTVOL,2026-08-26T12:00:00Z,,,,,,,,63.3137356268612
SOL-HISTVOL,2026-08-26T12:00:00Z,,,,,,,,65.99503528327898
BTC-HISTVOL,2026-08-26T13:00:00Z,,,,,,,,46.72032691133574
ETH-HISTVOL,2026-08-26T13:00:00Z,,,,,,,,63.30051583413792
SOL-HISTVOL,2026-08-26T13:00:00Z,,,,,,,,66.0136898273127
BTC-HISTVOL,2026-08-26T14:00:00Z,,,,,,,,46.72907733198804
ETH-HISTVOL,2026-08-26T14:00:00Z,,,,,,,,63.305077845178985
SOL-HISTVOL,2026-08-26T14:00:00Z,,,,,,,,65.97587326136546
BTC-HISTVOL,2026-08-26T15:00:00Z,,,,,,,,46.72656130934393
ETH-HISTVOL,2026-08-26T15:00:00Z,,,,,,,,63.30407879449916
SOL-HISTVOL,2026-08-26T15:00:00Z,,,,,,,,66.01289908841038
BTC-HISTVOL,2026-08-26T16:00:00Z,,,,,,,,46.79421826883259
ETH-HISTVOL,2026-08-26T16:00:00Z,,,,,,,,63.256647262866565
SOL-HISTVOL,2026-08-26T16:00:00Z,,,,,,,,66.0381502064095
BTC-HISTVOL,2026-08-26T17:00:00Z,,,,,,,,46.799197370177616
ETH-HISTVOL,2026-08-26T17:00:00Z,,,,,,,,63.23289155061271
SOL-HISTVOL,2026-08-26T17:00:00Z,,,,,,,,66.0593094886092
BTC-HISTVOL,2026-08-26T18:00:00Z,,,,,,,,46.79181343841296
ETH-HISTVOL,2026-08-26T18:00:00Z,,,,,,,,63.23999024063731
SOL-HISTVOL,2026-08-26T18:00:00Z,,,,,,,,66.05923864020137
BTC-HISTVOL,2026-08-26T19:00:00Z,,,,,,,,46.87115597680646
ETH-HISTVOL,2026-08-26T19:00:00Z,,,,,,,,63.32319963417286
SOL-HISTVOL,2026-08-26T19:00:00Z,,,,,,,,66.25154322577522
BTC-HISTVOL,2026-08-26T20:00:00Z,,,,,,,,46.83658989298385
ETH-HISTVOL,2026-08-26T20:00:00Z,,,,,,,,63.3682932752976
SOL-HISTVOL,2026-08-26T20:00:00Z,,,,,,,,66.25180100803188
BTC-HISTVOL,2026-08-26T21:00:00Z,,,,,,,,46.817939227963
ETH-HISTVOL,2026-08-26T21:00:00Z,,,,,,,,63.229527429927934
SOL-HISTVOL,2026-08-26T21:00:00Z,,,,,,,,66.2040737284706
BTC-HISTVOL,2026-08-26T22:00:00Z,,,,,,,,46.7911926292593
ETH-HISTVOL,2026-08-26T22:00:00Z,,,,,,,,63.2308235215758
SOL-HISTVOL,2026-08-26T22:00:00Z,,,,,,,,66.1601825222015
BTC-HISTVOL,2026-08-26T23:00:00Z,,,,,,,,46.8204346487784
ETH-HISTVOL,2026-08-26T23:00:00Z,,,,,,,,63.41933075772123
SOL-HISTVOL,2026-08-26T23:00:00Z,,,,,,,,66.45392880064271
BTC-HISTVOL,2026-08-27T00:00:00Z,,,,,,,,46.82065507820035
ETH-HISTVOL,2026-08-27T00:00:00Z,,,,,,,,63.41921600958039
SOL-HISTVOL,2026-08-27T00:00:00Z,,,,,,,,66.83994214943621
BTC-HISTVOL,2026-08-27T01:00:00Z,,,,,,,,46.86157034778886
ETH-HISTVOL,2026-08-27T01:00:00Z,,,,,,,,63.470700332320206
SOL-HISTVOL,2026-08-27T01:00:00Z,,,,,,,,67.8426199971222
BTC-HISTVOL,2026-08-27T02:00:00Z,,,,,,,,46.89318896176634
ETH-HISTVOL,2026-08-27T02:00:00Z,,,,,,,,63.538777465140605
SOL-HISTVOL,2026-08-27T02:00:00Z,,,,,,,,68.20261447805579
BTC-HISTVOL,2026-08-27T03:00:00Z,,,,,,,,46.907082236663015
ETH-HISTVOL,2026-08-27T03:00:00Z,,,,,,,,63.54687511059984
SOL-HISTVOL,2026-08-27T03:00:00Z,,,,,,,,68.3168337286145
BTC-HISTVOL,2026-08-27T04:00:00Z,,,,,,,,46.91693070591853
ETH-HISTVOL,2026-08-27T04:00:00Z,,,,,,,,63.5503028717038
SOL-HISTVOL,2026-08-27T04:00:00Z,,,,,,,,68.33235637664893
BTC-HISTVOL,2026-08-27T05:00:00Z,,,,,,,,46.91721324301744
ETH-HISTVOL,2026-08-27T05:00:00Z,,,,,,,,63.548923490051386
SOL-HISTVOL,2026-08-27T05:00:00Z,,,,,,,,68.33380732427564
BTC-HISTVOL,2026-08-27T06:00:00Z,,,,,,,,46.91669326243482
ETH-HISTVOL,2026-08-27T06:00:00Z,,,,,,,,63.5534110106843
SOL-HISTVOL,2026-08-27T06:00:00Z,,,,,,,,68.32876729823472
BTC-HISTVOL,2026-08-27T07:00:00Z,,,,,,,,46.92008527260782
ETH-HISTVOL,2026-08-27T07:00:00Z,,,,,,,,63.575865801033935
SOL-HISTVOL,2026-08-27T07:00:00Z,,,,,,,,68.48555015894136
BTC-HISTVOL,2026-08-27T08:00:00Z,,,,,,,,46.91185134598969
ETH-HISTVOL,2026-08-27T08:00:00Z,,,,,,,,63.57033916807332
SOL-HISTVOL,2026-08-27T08:00:00Z,,,,,,,,68.55413877437948
BTC-HISTVOL,2026-08-27T09:00:00Z,,,,,,,,46.9314087209852
ETH-HISTVOL,2026-08-27T09:00:00Z,,,,,,,,63.56748901549768
SOL-HISTVOL,2026-08-27T09:00:00Z,,,,,,,,68.58179842417701
BTC-HISTVOL,2026-08-27T10:00:00Z,,,,,,,,47.11885727516349
ETH-HISTVOL,2026-08-27T10:00:00Z,,,,,,,,63.91884126633333
SOL-HISTVOL,2026-08-27T10:00:00Z,,,,,,,,69.96581225835546
BTC-HISTVOL,2026-08-27T11:00:00Z,,,,,,,,47.07768014435506
ETH-HISTVOL,2026-08-27T11:00:00Z,,,,,,,,63.80278173409527
SOL-HISTVOL,2026-08-27T11:00:00Z,,,,,,,,69.88517915647472
BTC-HISTVOL,2026-08-27T12:00:00Z,,,,,,,,47.12927509057097
ETH-HISTVOL,2026-08-27T12:00:00Z,,,,,,,,64.08621135525098
SOL-HISTVOL,2026-08-27T12:00:00Z,,,,,,,,69.897689300317
BTC-HISTVOL,2026-08-27T13:00:00Z,,,,,,,,47.13220497514537
ETH-HISTVOL,2026-08-27T13:00:00Z,,,,,,,,64.06595763107917
SOL-HISTVOL,2026-08-27T13:00:00Z,,,,,,,,69.90144061531709
BTC-HISTVOL,2026-08-27T14:00:00Z,,,,,,,,47.14145331100201
ETH-HISTVOL,2026-08-27T14:00:00Z,,,,,,,,64.06945044575997
SOL-HISTVOL,2026-08-27T14:00:00Z,,,,,,,,69.92988625999918
BTC-HISTVOL,2026-08-27T15:00:00Z,,,,,,,,47.11897990997071
ETH-HISTVOL,2026-08-27T15:00:00Z,,,,,,,,64.017098156483
SOL-HISTVOL,2026-08-27T15:00:00Z,,,,,,,,70.31003755387904
BTC-HISTVOL,2026-08-27T16:00:00Z,,,,,,,,47.160774285989824
ETH-HISTVOL,2026-08-27T16:00:00Z,,,,,,,,64.04485788809004
SOL-HISTVOL,2026-08-27T16:00:00Z,,,,,,,,70.2099699958707
BTC-HISTVOL,2026-08-27T17:00:00Z,,,,,,,,47.161587818566574
ETH-HISTVOL,2026-08-27T17:00:00Z,,,,,,,,64.0366110922184
SOL-HISTVOL,2026-08-27T17:00:00Z,,,,,,,,70.21225567001002
BTC-HISTVOL,2026-08-27T18:00:00Z,,,,,,,,47.16183781337862
ETH-HISTVOL,2026-08-27T18:00:00Z,,,,,,,,64.03450988130855
SOL-HISTVOL,2026-08-27T18:00:00Z,,,,,,,,70.65812218884714
BTC-HISTVOL,2026-08-27T19:00:00Z,,,,,,,,47.16335857263198
ETH-HISTVOL,2026-08-27T19:00:00Z,,,,,,,,64.03563377236078
SOL-HISTVOL,2026-08-27T19:00:00Z,,,,,,,,70.7266263930773
BTC-HISTVOL,2026-08-27T20:00:00Z,,,,,,,,47.19182132363399
ETH-HISTVOL,2026-08-27T20:00:00Z,,,,,,,,64.07116075928137
SOL-HISTVOL,2026-08-27T20:00:00Z,,,,,,,,70.7306159255939
BTC-HISTVOL,2026-08-27T21:00:00Z,,,,,,,,47.21313421491605
ETH-HISTVOL,2026-08-27T21:00:00Z,,,,,,,,64.07346166727397
SOL-HISTVOL,2026-08-27T21:00:00Z,,,,,,,,70.88720203994109
BTC-HISTVOL,2026-08-27T22:00:00Z,,,,,,,,47.20536135325463
ETH-HISTVOL,2026-08-27T22:00:00Z,,,,,,,,64.07518534762289
SOL-HISTVOL,2026-08-27T22:00:00Z,,,,,,,,70.90023811235665
BTC-HISTVOL,2026-08-27T23:00:00Z,,,,,,,,47.19730663636364
ETH-HISTVOL,2026-08-27T23:00:00Z,,,,,,,,64.0401088262731
SOL-HISTVOL,2026-08-27T23:00:00Z,,,,,,,,70.85226191409336
BTC-HISTVOL,2026-08-28T00:00:00Z,,,,,,,,47.20262622078212
ETH-HISTVOL,2026-08-28T00:00:00Z,,,,,,,,64.07855498532305
SOL-HISTVOL,2026-08-28T00:00:00Z,,,,,,,,70.88102555949726
BTC-HISTVOL,2026-08-28T01:00:00Z,,,,,,,,47.20204160614245
ETH-HISTVOL,2026-08-28T01:00:00Z,,,,,,,,64.0831540741834
SOL-HISTVOL,2026-08-28T01:00:00Z,,,,,,,,70.87856468631489
BTC-HISTVOL,2026-08-28T02:00:00Z,,,,,,,,47.23738969067612
ETH-HISTVOL,2026-08-28T02:00:00Z,,,,,,,,64.08973048305731
SOL-HISTVOL,2026-08-28T02:00:00Z,,,,,,,,70.87869280355586
BTC-HISTVOL,2026-08-28T03:00:00Z,,,,,,,,47.23215411812194
ETH-HISTVOL,2026-08-28T03:00:00Z,,,,,,,,64.08972503676787
SOL-HISTVOL,2026-08-28T03:00:00Z,,,,,,,,71.1107870480298
BTC-HISTVOL,2026-08-28T04:00:00Z,,,,,,,,47.361484397573705
ETH-HISTVOL,2026-08-28T04:00:00Z,,,,,,,,64.20662089240768
SOL-HISTVOL,2026-08-28T04:00:00Z,,,,,,,,71.34301509626086
BTC-HISTVOL,2026-08-28T05:00:00Z,,,,,,,,47.36015838972279
ETH-HISTVOL,2026-08-28T05:00:00Z,,,,,,,,64.19181526875347
SOL-HISTVOL,2026-08-28T05:00:00Z,,,,,,,,71.33510996249159
BTC-HISTVOL,2026-08-28T06:00:00Z,,,,,,,,47.37057308575224
ETH-HISTVOL,2026-08-28T06:00:00Z,,,,,,,,64.18287706152618
SOL-HISTVOL,2026-08-28T06:00:00Z,,,,,,,,71.33132478331162
BTC-HISTVOL,2026-08-28T07:00:00Z,,,,,,,,47.34889434198352
ETH-HISTVOL,2026-08-28T07:00:00Z,,,,,,,,64.19207491183602
SOL-HISTVOL,2026-08-28T07:00:00Z,,,,,,,,71.31359817091827
BTC-HISTVOL,2026-08-28T08:00:00Z,,,,,,,,47.36485890628855
ETH-HISTVOL,2026-08-28T08:00:00Z,,,,,,,,64.21602862163859
SOL-HISTVOL,2026-08-28T08:00:00Z,,,,,,,,71.32984985131894
BTC-HISTVOL,2026-08-28T09:00:00Z,,,,,,,,47.38258132373049
ETH-HISTVOL,2026-08-28T09:00:00Z,,,,,,,,64.22645256152703
SOL-HISTVOL,2026-08-28T09:00:00Z,,,,,,,,71.53734427009333
BTC-HISTVOL,2026-08-28T10:00:00Z,,,,,,,,47.387437036598
ETH-HISTVOL,2026-08-28T10:00:00Z,,,,,,,,64.22985886443091
SOL-HISTVOL,2026-08-28T10:00:00Z,,,,,,,,71.53744244325111
BTC-HISTVOL,2026-08-28T11:00:00Z,,,,,,,,47.40891774664609
ETH-HISTVOL,2026-08-28T11:00:00Z,,,,,,,,64.23051093562044
SOL-HISTVOL,2026-08-28T11:00:00Z,,,,,,,,71.5381847103014
BTC-HISTVOL,2026-08-28T12:00:00Z,,,,,,,,47.42836073947988
ETH-HISTVOL,2026-08-28T12:00:00Z,,,,,,,,64.29096722160722
SOL-HISTVOL,2026-08-28T12:00:00Z,,,,,,,,71.4985310865762
BTC-HISTVOL,2026-08-28T13:00:00Z,,,,,,,,47.41028958830313
ETH-HISTVOL,2026-08-28T13:00:00Z,,,,,,,,64.287321623743
SOL-HISTVOL,2026-08-28T13:00:00Z,,,,,,,,71.51536272256716
BTC-HISTVOL,2026-08-28T14:00:00Z,,,,,,,,47.395035483428856
ETH-HISTVOL,2026-08-28T14:00:00Z,,,,,,,,64.25845246142232
SOL-HISTVOL,2026-08-28T14:00:00Z,,,,,,,,71.58317848888035
BTC-HISTVOL,2026-08-28T15:00:00Z,,,,,,,,47.395088757837165
ETH-HISTVOL,2026-08-28T15:00:00Z,,,,,,,,64.32311812561478
SOL-HISTVOL,2026-08-28T15:00:00Z,,,,,,,,71.62866141548564
BTC-HISTVOL,2026-08-28T16:00:00Z,,,,,,,,47.384471725663
ETH-HISTVOL,2026-08-28T16:00:00Z,,,,,,,,64.31844996974661
SOL-HISTVOL,2026-08-28T16:00:00Z,,,,,,,,71.71211210957105
BTC-HISTVOL,2026-08-28T17:00:00Z,,,,,,,,47.86180050497078
ETH-HISTVOL,2026-08-28T17:00:00Z,,,,,,,,64.74150150310294
SOL-HISTVOL,2026-08-28T17:00:00Z,,,,,,,,71.66936046592997
BTC-HISTVOL,2026-08-28T18:00:00Z,,,,,,,,47.93943938973997
ETH-HISTVOL,2026-08-28T18:00:00Z,,,,,,,,64.99961159616717
SOL-HISTVOL,2026-08-28T18:00:00Z,,,,,,,,71.67047196675989
BTC-HISTVOL,2026-08-28T19:00:00Z,,,,,,,,47.94459014586385
ETH-HISTVOL,2026-08-28T19:00:00Z,,,,,,,,64.99773524454561
SOL-HISTVOL,2026-08-28T19:00:00Z,,,,,,,,71.69502432372629
BTC-HISTVOL,2026-08-28T20:00:00Z,,,,,,,,47.98373983098509
ETH-HISTVOL,2026-08-28T20:00:00Z,,,,,,,,65.03591403837092
SOL-HISTVOL,2026-08-28T20:00:00Z,,,,,,,,72.13357558260873
BTC-HISTVOL,2026-08-28T21:00:00Z,,,,,,,,47.97779633703715
ETH-HISTVOL,2026-08-28T21:00:00Z,,,,,,,,65.05042906919648
SOL-HISTVOL,2026-08-28T21:00:00Z,,,,,,,,72.14391875663847
BTC-HISTVOL,2026-08-28T22:00:00Z,,,,,,,,47.98635292857167
ETH-HISTVOL,2026-08-28T22:00:00Z,,,,,,,,65.06842727814215
SOL-HISTVOL,2026-08-28T22:00:00Z,,,,,,,,72.18056544976089
BTC-HISTVOL,2026-08-28T23:00:00Z,,,,,,,,47.98470856457639
ETH-HISTVOL,2026-08-28T23:00:00Z,,,,,,,,65.06751389384105
SOL-HISTVOL,2026-08-28T23:00:00Z,,,,,,,,72.20817708596695
BTC-HISTVOL,2026-08-29T00:00:00Z,,,,,,,,48.04848829990336
ETH-HISTVOL,2026-08-29T00:00:00Z,,,,,,,,65.16044225155885
SOL-HISTVOL,2026-08-29T00:00:00Z,,,,,,,,72.28532277103227
BTC-HISTVOL,2026-08-29T01:00:00Z,,,,,,,,48.05063668807422
ETH-HISTVOL,2026-08-29T01:00:00Z,,,,,,,,65.15529233843905
SOL-HISTVOL,2026-08-29T01:00:00Z,,,,,,,,72.28528952041513
BTC-HISTVOL,2026-08-29T02:00:00Z,,,,,,,,48.05381107600057
ETH-HISTVOL,2026-08-29T02:00:00Z,,,,,,,,65.14988575517255
SOL-HISTVOL,2026-08-29T02:00:00Z,,,,,,,,72.2837555727271
BTC-HISTVOL,2026-08-29T03:00:00Z,,,,,,,,48.05507853193686
ETH-HISTVOL,2026-08-29T03:00:00Z,,,,,,,,65.15029781035305
SOL-HISTVOL,2026-08-29T03:00:00Z,,,,,,,,72.29358086779895
BTC-HISTVOL,2026-08-29T04:00:00Z,,,,,,,,48.0543076187727
ETH-HISTVOL,2026-08-29T04:00:00Z,,,,,,,,65.1534850383202
SOL-HISTVOL,2026-08-29T04:00:00Z,,,,,,,,72.29987704989018
BTC-HISTVOL,2026-08-29T05:00:00Z,,,,,,,,48.05082565183535
ETH-HISTVOL,2026-08-29T05:00:00Z,,,,,,,,65.15055466435118
SOL-HISTVOL,2026-08-29T05:00:00Z,,,,,,,,72.28048404843787
BTC-HISTVOL,2026-08-29T06:00:00Z,,,,,,,,48.05727067195604
ETH-HISTVOL,2026-08-29T06:00:00Z,,,,,,,,65.1582106489052
SOL-HISTVOL,2026-08-29T06:00:00Z,,,,,,,,72.27895176503549
BTC-HISTVOL,2026-08-29T07:00:00Z,,,,,,,,48.05727152464325
ETH-HISTVOL,2026-08-29T07:00:00Z,,,,,,,,65.15857068368507
SOL-HISTVOL,2026-08-29T07:00:00Z,,,,,,,,72.27988512602239
BTC-HISTVOL,2026-08-29T08:00:00Z,,,,,,,,47.96359996614962
ETH-HISTVOL,2026-08-29T08:00:00Z,,,,,,,,65.09810018892149
SOL-HISTVOL,2026-08-29T08:00:00Z,,,,,,,,72.2661529958309
BTC-HISTVOL,2026-08-29T09:00:00Z,,,,,,,,47.97433611351715
ETH-HISTVOL,2026-08-29T09:00:00Z,,,,,,,,65.09849075793029
SOL-HISTVOL,2026-08-29T09:00:00Z,,,,,,,,72.26996965429149
BTC-HISTVOL,2026-08-29T10:00:00Z,,,,,,,,47.97408934858834
ETH-HISTVOL,2026-08-29T10:00:00Z,,,,,,,,65.08606045923432
SOL-HISTVOL,2026-08-29T10:00:00Z,,,,,,,,72.26155287992317
BTC-HISTVOL,2026-08-29T11:00:00Z,,,,,,,,47.95992034908968
ETH-HISTVOL,2026-08-29T11:00:00Z,,,,,,,,65.0716265945951
SOL-HISTVOL,2026-08-29T11:00:00Z,,,,,,,,72.22357054189565
BTC-HISTVOL,2026-08-29T12:00:00Z,,,,,,,,47.95966429740586
ETH-HISTVOL,2026-08-29T12:00:00Z,,,,,,,,65.06743915610805
SOL-HISTVOL,2026-08-29T12:00:00Z,,,,,,,,72.22345468900181
BTC-HISTVOL,2026-08-29T13:00:00Z,,,,,,,,47.95907638149546
ETH-HISTVOL,2026-08-29T13:00:00Z,,,,,,,,65.06549199656051
SOL-HISTVOL,2026-08-29T13:00:00Z,,,,,,,,72.21929720838135
BTC-HISTVOL,2026-08-29T14:00:00Z,,,,,,,,47.9483440072965
ETH-HISTVOL,2026-08-29T14:00:00Z,,,,,,,,65.0535030670964
SOL-HISTVOL,2026-08-29T14:00:00Z,,,,,,,,72.22018844223805
BTC-HISTVOL,2026-08-29T15:00:00Z,,,,,,,,47.94908923336231
ETH-HISTVOL,2026-08-29T15:00:00Z,,,,,,,,65.04670195188928
SOL-HISTVOL,2026-08-29T15:00:00Z,,,,,,,,72.22243340645109
BTC-HISTVOL,2026-08-29T16:00:00Z,,,,,,,,47.98670621304002
ETH-HISTVOL,2026-08-29T16:00:00Z,,,,,,,,65.09259086975504
SOL-HISTVOL,2026-08-29T16:00:00Z,,,,,,,,72.59364524270774
BTC-HISTVOL,2026-08-29T17:00:00Z,,,,,,,,47.90872136546874
ETH-HISTVOL,2026-08-29T17:00:00Z,,,,,,,,64.98660275933925
SOL-HISTVOL,2026-08-29T17:00:00Z,,,,,,,,72.56885301461057
BTC-HISTVOL,2026-08-29T18:00:00Z,,,,,,,,47.90538410342212
ETH-HISTVOL,2026-08-29T18:00:00Z,,,,,,,,64.98974536727555
SOL-HISTVOL,2026-08-29T18:00:00Z,,,,,,,,72.56345031746686
BTC-HISTVOL,2026-08-29T19:00:00Z,,,,,,,,47.89870713740446
ETH-HISTVOL,2026-08-29T19:00:00Z,,,,,,,,64.96529729886257
SOL-HISTVOL,2026-08-29T19:00:00Z,,,,,,,,72.55340278537466
BTC-HISTVOL,2026-08-29T20:00:00Z,,,,,,,,47.89469764156835
ETH-HISTVOL,2026-08-29T20:00:00Z,,,,,,,,64.96178304525144
SOL-HISTVOL,2026-08-29T20:00:00Z,,,,,,,,72.5327206489836
BTC-HISTVOL,2026-08-29T21:00:00Z,,,,,,,,47.89408419072628
ETH-HISTVOL,2026-08-29T21:00:00Z,,,,,,,,64.94776326674842
SOL-HISTVOL,2026-08-29T21:00:00Z,,,,,,,,72.54020075318564
BTC-HISTVOL,2026-08-29T22:00:00Z,,,,,,,,47.89372129562244
ETH-HISTVOL,2026-08-29T22:00:00Z,,,,,,,,64.94781483079534
SOL-HISTVOL,2026-08-29T22:00:00Z,,,,,,,,72.5376740856729
BTC-HISTVOL,2026-08-29T23:00:00Z,,,,,,,,47.893984157474016
ETH-HISTVOL,2026-08-29T23:00:00Z,,,,,,,,64.9478837071857
SOL-HISTVOL,2026-08-29T23:00:00Z,,,,,,,,72.54158833230451
BTC-HISTVOL,2026-08-30T00:00:00Z,,,,,,,,47.89400967052704
ETH-HISTVOL,2026-08-30T00:00:00Z,,,,,,,,64.94844065311597
SOL-HISTVOL,2026-08-30T00:00:00Z,,,,,,,,72.57345349615396
BTC-HISTVOL,2026-08-30T01:00:00Z,,,,,,,,47.87684640318129
ETH-HISTVOL,2026-08-30T01:00:00Z,,,,,,,,64.95252478282207
SOL-HISTVOL,2026-08-30T01:00:00Z,,,,,,,,72.56251559860016
BTC-HISTVOL,2026-08-30T02:00:00Z,,,,,,,,47.87748753259324
ETH-HISTVOL,2026-08-30T02:00:00Z,,,,,,,,64.95320720502997
SOL-HISTVOL,2026-08-30T02:00:00Z,,,,,,,,72.57951721623283
BTC-HISTVOL,2026-08-30T03:00:00Z,,,,,,,,47.88187415422184
ETH-HISTVOL,2026-08-30T03:00:00Z,,,,,,,,64.95369232581199
SOL-HISTVOL,2026-08-30T03:00:00Z,,,,,,,,72.57839739596078
BTC-HISTVOL,2026-08-30T04:00:00Z,,,,,,,,47.875874241817314
ETH-HISTVOL,2026-08-30T04:00:00Z,,,,,,,,64.95419129578615
SOL-HISTVOL,2026-08-30T04:00:00Z,,,,,,,,72.56072017574698
BTC-HISTVOL,2026-08-30T05:00:00Z,,,,,,,,47.87209362329419
ETH-HISTVOL,2026-08-30T05:00:00Z,,,,,,,,64.9531456543623
SOL-HISTVOL,2026-08-30T05:00:00Z,,,,,,,,72.54741440902019
BTC-HISTVOL,2026-08-30T06:00:00Z,,,,,,,,47.86956786895245
ETH-HISTVOL,2026-08-30T06:00:00Z,,,,,,,,64.95238182252427
SOL-HISTVOL,2026-08-30T06:00:00Z,,,,,,,,72.54394840249928
BTC-HISTVOL,2026-08-30T07:00:00Z,,,,,,,,47.86875283393578
ETH-HISTVOL,2026-08-30T07:00:00Z,,,,,,,,64.94543460327688
SOL-HISTVOL,2026-08-30T07:00:00Z,,,,,,,,72.53449817241084
BTC-HISTVOL,2026-08-30T08:00:00Z,,,,,,,,47.87722047843933
ETH-HISTVOL,2026-08-30T08:00:00Z,,,,,,,,64.95179574087015
SOL-HISTVOL,2026-08-30T08:00:00Z,,,,,,,,72.54785419739167
BTC-HISTVOL,2026-08-30T09:00:00Z,,,,,,,,47.887710724118406
ETH-HISTVOL,2026-08-30T09:00:00Z,,,,,,,,64.9602485965155
SOL-HISTVOL,2026-08-30T09:00:00Z,,,,,,,,72.58531590267988
BTC-HISTVOL,2026-08-30T10:00:00Z,,,,,,,,47.87657276539591
ETH-HISTVOL,2026-08-30T10:00:00Z,,,,,,,,64.95519183604434
SOL-HISTVOL,2026-08-30T10:00:00Z,,,,,,,,72.57877149538295
BTC-HISTVOL,2026-08-30T11:00:00Z,,,,,,,,47.87304415513751
ETH-HISTVOL,2026-08-30T11:00:00Z,,,,,,,,64.9532136151489
SOL-HISTVOL,2026-08-30T11:00:00Z,,,,,,,,72.57506544195051
BTC-HISTVOL,2026-08-30T12:00:00Z,,,,,,,,47.88211620072292
ETH-HISTVOL,2026-08-30T12:00:00Z,,,,,,,,64.96474268281628
SOL-HISTVOL,2026-08-30T12:00:00Z,,,,,,,,72.61058609039081
BTC-HISTVOL,2026-08-30T13:00:00Z,,,,,,,,47.88195385608456
ETH-HISTVOL,2026-08-30T13:00:00Z,,,,,,,,64.96332863315087
SOL-HISTVOL,2026-08-30T13:00:00Z,,,,,,,,72.61011100119903
BTC-HISTVOL,2026-08-30T14:00:00Z,,,,,,,,48.03017143277456
ETH-HISTVOL,2026-08-30T14:00:00Z,,,,,,,,64.97757269533807
SOL-HISTVOL,2026-08-30T14:00:00Z,,,,,,,,72.75271528342375
BTC-HISTVOL,2026-08-30T15:00:00Z,,,,,,,,48.033981220292
ETH-HISTVOL,2026-08-30T15:00:00Z,,,,,,,,64.99056226385822
SOL-HISTVOL,2026-08-30T15:00:00Z,,,,,,,,72.89762413796001
BTC-HISTVOL,2026-08-30T16:00:00Z,,,,,,,,48.03674247397424
ETH-HISTVOL,2026-08-30T16:00:00Z,,,,,,,,64.99126019351115
SOL-HISTVOL,2026-08-30T16:00:00Z,,,,,,,,72.91445951390398
BTC-HISTVOL,2026-08-30T17:00:00Z,,,,,,,,48.035257720249525
ETH-HISTVOL,2026-08-30T17:00:00Z,,,,,,,,64.99493871215631
SOL-HISTVOL,2026-08-30T17:00:00Z,,,,,,,,72.94361223980577
BTC-HISTVOL,2026-08-30T18:00:00Z,,,,,,,,48.140467503870894
ETH-HISTVOL,2026-08-30T18:00:00Z,,,,,,,,65.680068056813
SOL-HISTVOL,2026-08-30T18:00:00Z,,,,,,,,72.99838397526119
BTC-HISTVOL,2026-08-30T19:00:00Z,,,,,,,,48.18063952437001
ETH-HISTVOL,2026-08-30T19:00:00Z,,,,,,,,65.83914686056335
SOL-HISTVOL,2026-08-30T19:00:00Z,,,,,,,,73.02578422403228
BTC-HISTVOL,2026-08-30T20:00:00Z,,,,,,,,48.18067073480224
ETH-HISTVOL,2026-08-30T20:00:00Z,,,,,,,,65.84593306811782
SOL-HISTVOL,2026-08-30T20:00:00Z,,,,,,,,73.03460103303739
BTC-HISTVOL,2026-08-30T21:00:00Z,,,,,,,,48.1905043509481
ETH-HISTVOL,2026-08-30T21:00:00Z,,,,,,,,65.85923195465065
SOL-HISTVOL,2026-08-30T21:00:00Z,,,,,,,,73.14930114023748
BTC-HISTVOL,2026-08-30T22:00:00Z,,,,,,,,48.219487666636745
ETH-HISTVOL,2026-08-30T22:00:00Z,,,,,,,,65.9080760609376
SOL-HISTVOL,2026-08-30T22:00:00Z,,,,,,,,73.31375225021642
BTC-HISTVOL,2026-08-30T23:00:00Z,,,,,,,,48.219088931098334
ETH-HISTVOL,2026-08-30T23:00:00Z,,,,,,,,65.93038742742108
SOL-HISTVOL,2026-08-30T23:00:00Z,,,,,,,,73.32580587862105
BTC-HISTVOL,2026-08-31T00:00:00Z,,,,,,,,48.24024178276128
ETH-HISTVOL,2026-08-31T00:00:00Z,,,,,,,,65.9682459597518
SOL-HISTVOL,2026-08-31T00:00:00Z,,,,,,,,73.38816233524925
BTC-HISTVOL,2026-08-31T01:00:00Z,,,,,,,,48.45991572669668
ETH-HISTVOL,2026-08-31T01:00:00Z,,,,,,,,66.82708563369067
SOL-HISTVOL,2026-08-31T01:00:00Z,,,,,,,,74.01488439679932
BTC-HISTVOL,2026-08-31T02:00:00Z,,,,,,,,48.48237237500314
ETH-HISTVOL,2026-08-31T02:00:00Z,,,,,,,,66.85943066784706
SOL-HISTVOL,2026-08-31T02:00:00Z,,,,,,,,74.03115665575534
BTC-HISTVOL,2026-08-31T03:00:00Z,,,,,,,,48.51780333765488
ETH-HISTVOL,2026-08-31T03:00:00Z,,,,,,,,66.93062688149718
SOL-HISTVOL,2026-08-31T03:00:00Z,,,,,,,,74.09580984342455
BTC-HISTVOL,2026-08-31T04:00:00Z,,,,,,,,48.529368692926425
ETH-HISTVOL,2026-08-31T04:00:00Z,,,,,,,,66.93367926701994
SOL-HISTVOL,2026-08-31T04:00:00Z,,,,,,,,74.09022857139375
BTC-HISTVOL,2026-08-31T05:00:00Z,,,,,,,,48.563947958406175
ETH-HISTVOL,2026-08-31T05:00:00Z,,,,,,,,66.98970816554169
SOL-HISTVOL,2026-08-31T05:00:00Z,,,,,,,,74.12982807963643
BTC-HISTVOL,2026-08-31T06:00:00Z,,,,,,,,48.57065678882549
ETH-HISTVOL,2026-08-31T06:00:00Z,,,,,,,,66.99284445796376
SOL-HISTVOL,2026-08-31T06:00:00Z,,,,,,,,74.16434680037003
BTC-HISTVOL,2026-08-31T07:00:00Z,,,,,,,,48.636280483404974
ETH-HISTVOL,2026-08-31T07:00:00Z,,,,,,,,67.10254749226551
SOL-HISTVOL,2026-08-31T07:00:00Z,,,,,,,,74.39650190096677
BTC-HISTVOL,2026-08-31T08:00:00Z,,,,,,,,48.63784240521476
ETH-HISTVOL,2026-08-31T08:00:00Z,,,,,,,,67.10230546524949
SOL-HISTVOL,2026-08-31T08:00:00Z,,,,,,,,74.39448717554073
BTC-HISTVOL,2026-08-31T09:00:00Z,,,,,,,,48.64250702285278
ETH-HISTVOL,2026-08-31T09:00:00Z,,,,,,,,67.10307537054706
SOL-HISTVOL,2026-08-31T09:00:00Z,,,,,,,,74.40397813297093
BTC-HISTVOL,2026-08-31T10:00:00Z,,,,,,,,48.67399011091141
ETH-HISTVOL,2026-08-31T10:00:00Z,,,,,,,,67.11341770372292
SOL-HISTVOL,2026-08-31T10:00:00Z,,,,,,,,74.41103200933381
BTC-HISTVOL,2026-08-31T11:00:00Z,,,,,,,,48.674522525163546
ETH-HISTVOL,2026-08-31T11:00:00Z,,,,,,,,67.1132390073125
SOL-HISTVOL,2026-08-31T11:00:00Z,,,,,,,,74.41471397352487
BTC-HISTVOL,2026-08-31T12:00:00Z,,,,,,,,48.68362765647224
ETH-HISTVOL,2026-08-31T12:00:00Z,,,,,,,,67.13597847408653
SOL-HISTVOL,2026-08-31T12:00:00Z,,,,,,,,74.45935622216933
BTC-HISTVOL,2026-08-31T13:00:00Z,,,,,,,,48.74618595421078
ETH-HISTVOL,2026-08-31T13:00:00Z,,,,,,,,67.16216564912668
SOL-HISTVOL,2026-08-31T13:00:00Z,,,,,,,,74.46915886356011
BTC-HISTVOL,2026-08-31T14:00:00Z,,,,,,,,48.806038761434365
ETH-HISTVOL,2026-08-31T14:00:00Z,,,,,,,,67.1706468982999
SOL-HISTVOL,2026-08-31T14:00:00Z,,,,,,,,74.53259093378456
BTC-HISTVOL,2026-08-31T15:00:00Z,,,,,,,,48.80808967640312
ETH-HISTVOL,2026-08-31T15:00:00Z,,,,,,,,67.20885095733661
SOL-HISTVOL,2026-08-31T15:00:00Z,,,,,,,,74.55679016981153
BTC-HISTVOL,2026-08-31T16:00:00Z,,,,,,,,49.01635327591397
ETH-HISTVOL,2026-08-31T16:00:00Z,,,,,,,,67.4254049760818
SOL-HISTVOL,2026-08-31T16:00:00Z,,,,,,,,74.7556933630829
BTC-HISTVOL,2026-08-31T17:00:00Z,,,,,,,,49.01528091897016
ETH-HISTVOL,2026-08-31T17:00:00Z,,,,,,,,67.42433548553018
SOL-HISTVOL,2026-08-31T17:00:00Z,,,,,,,,74.8135082474739
BTC-HISTVOL,2026-08-31T18:00:00Z,,,,,,,,49.01576221693806
ETH-HISTVOL,2026-08-31T18:00:00Z,,,,,,,,67.42458108531675
SOL-HISTVOL,2026-08-31T18:00:00Z,,,,,,,,74.80536359957463
BTC-HISTVOL,2026-08-31T19:00:00Z,,,,,,,,49.035880162702426
ETH-HISTVOL,2026-08-31T19:00:00Z,,,,,,,,67.42099045610237
SOL-HISTVOL,2026-08-31T19:00:00Z,,,,,,,,74.90403361109308
BTC-HISTVOL,2026-08-31T20:00:00Z,,,,,,,,49.03602571960162
ETH-HISTVOL,2026-08-31T20:00:00Z,,,,,,,,67.41330064828507
SOL-HISTVOL,2026-08-31T20:00:00Z,,,,,,,,74.98980211123296
BTC-HISTVOL,2026-08-31T21:00:00Z,,,,,,,,49.04183117330507
ETH-HISTVOL,2026-08-31T21:00:00Z,,,,,,,,67.41851767781364
SOL-HISTVOL,2026-08-31T21:00:00Z,,,,,,,,75.09747908358338
BTC-HISTVOL,2026-08-31T22:00:00Z,,,,,,,,49.04177903686617
ETH-HISTVOL,2026-08-31T22:00:00Z,,,,,,,,67.44295723189238
SOL-HISTVOL,2026-08-31T22:00:00Z,,,,,,,,75.09934143554494
BTC-HISTVOL,2026-08-31T23:00:00Z,,,,,,,,49.044536271867074
ETH-HISTVOL,2026-08-31T23:00:00Z,,,,,,,,67.4442372517498
SOL-HISTVOL,2026-08-31T23:00:00Z,,,,,,,,75.0889932150284
BTC-HISTVOL,2026-09-01T00:00:00Z,,,,,,,,49.08961014222216
BTC-OPTIONS,2026-09-01T00:00:00Z,2026-09-01T02:42:08Z,978.0,257983.7,145504.0,0.564005,47.6945,78399.25,
ETH-HISTVOL,2026-09-01T00:00:00Z,,,,,,,,67.4491821815233
ETH-OPTIONS,2026-09-01T00:00:00Z,2026-09-01T02:42:08Z,838.0,1091513.0,592125.0,0.542481,62.789,2460.64,
SOL-HISTVOL,2026-09-01T00:00:00Z,,,,,,,,74.98377408862828
BTC-HISTVOL,2026-09-01T01:00:00Z,,,,,,,,49.08943431014667
ETH-HISTVOL,2026-09-01T01:00:00Z,,,,,,,,67.45009301140153
SOL-HISTVOL,2026-09-01T01:00:00Z,,,,,,,,74.9794292191685
BTC-HISTVOL,2026-09-01T02:00:00Z,,,,,,,,49.090738217784256
ETH-HISTVOL,2026-09-01T02:00:00Z,,,,,,,,67.45391167839503
SOL-HISTVOL,2026-09-01T02:00:00Z,,,,,,,,74.97829027482679
BTC-HISTVOL,2026-09-01T03:00:00Z,,,,,,,,49.114666743237386
ETH-HISTVOL,2026-09-01T03:00:00Z,,,,,,,,67.47195694100755
SOL-HISTVOL,2026-09-01T03:00:00Z,,,,,,,,74.97913949976542
