symbol,timestamp,long_short_ratio,taker_sell_vol,taker_buy_vol,open_interest,volume
BTC,2026-03-05T16:00:00Z,1.01,5208505380.2935,5074156772.221,3166911068.7314,10310109533.5391
ETH,2026-03-05T16:00:00Z,1.48,5975576527.5093,6087298533.3912,1802123251.1205,12101990055.7922
SOL,2026-03-05T16:00:00Z,1.7,632703217.8777,622016338.3282,266253699.228,1256917174.2783
BTC,2026-03-06T16:00:00Z,1.61,4542771689.9187,4396894930.1316,2963759166.7944,8989227921.7017
ETH,2026-03-06T16:00:00Z,2.37,5115429212.6627,4822846197.0441,1656738719.3098,10000887294.1308
SOL,2026-03-06T16:00:00Z,2.52,499903378.233,464721267.8092,256208317.18,968392093.3971
BTC,2026-03-07T16:00:00Z,1.95,2065799180.338,2073723812.2013,2931693231.6857,4156171439.9243
ETH,2026-03-07T16:00:00Z,2.32,2185731395.2624,2211392233.4413,1700839154.5617,4410137054.0549
SOL,2026-03-07T16:00:00Z,2.86,239758582.9726,235048160.7238,252288639.7932,475228030.4114
BTC,2026-03-08T16:00:00Z,1.86,2202268794.7005,2175449049.3479,2886160376.6323,4405158951.8058
ETH,2026-03-08T16:00:00Z,2.7,2827720245.9162,2587198174.2323,1677885809.7842,5458897700.2605
SOL,2026-03-08T16:00:00Z,2.74,287510376.0123,275724717.5478,243981244.723,567337432.6009
BTC,2026-03-09T16:00:00Z,1.46,4243449217.5495,4464384563.9237,2922497243.4184,8745690931.5243
ETH,2026-03-09T16:00:00Z,1.67,5211179279.5414,5547055418.9222,1731358069.0382,10782625165.2859
SOL,2026-03-09T16:00:00Z,2.55,463106369.2819,471583973.3435,249472688.7516,936964063.7484
BTC,2026-03-10T16:00:00Z,1.05,4880033174.7434,5019496073.6916,3045438349.0318,9914896339.4374
ETH,2026-03-10T16:00:00Z,1.46,5132055192.2673,5331404908.1623,1792596330.4555,10485848090.8563
SOL,2026-03-10T16:00:00Z,1.96,501002332.7093,512067322.998,263915557.4701,1013821758.753
BTC,2026-03-11T16:00:00Z,1.11,4340012720.4465,4303425856.3833,2975190203.1041,8660013988.9219
ETH,2026-03-11T16:00:00Z,1.65,4664701097.595,4689029515.1216,1870522605.1946,9376087826.6918
SOL,2026-03-11T16:00:00Z,2.16,492422284.7527,473908601.6093,249679579.51,967294535.5791
BTC,2026-03-12T16:00:00Z,1.12,3966641012.7504,4074916277.8616,2941439632.9143,8051433535.0248
ETH,2026-03-12T16:00:00Z,1.36,4671951293.5166,4882972536.0309,1867907978.1278,9568527840.6376
SOL,2026-03-12T16:00:00Z,1.99,503993672.956,522718360.4544,250025753.6023,1027111776.1913
BTC,2026-03-13T16:00:00Z,0.87,4905629186.2202,5382794069.963,3092260035.534,10303163438.1376
ETH,2026-03-13T16:00:00Z,1.09,6595420436.3957,7236972570.7205,1949490697.1234,13851561679.7943
SOL,2026-03-13T16:00:00Z,1.44,615951534.0406,657435165.8385,281347428.3516,1273919157.8276
BTC,2026-03-14T16:00:00Z,1.22,2875193306.8758,2826027142.6487,2886957160.6886,5719414461.8211
ETH,2026-03-14T16:00:00Z,1.74,3262915059.8335,3087590049.8308,1910411990.0064,6379042709.1523
SOL,2026-03-14T16:00:00Z,2.07,320714539.2336,312939781.8924,258434268.654,634529493.4803
BTC,2026-03-15T16:00:00Z,1.08,1508140912.8393,1616152500.1462,2923299271.1197,3125377274.5803
ETH,2026-03-15T16:00:00Z,1.55,2039334872.2285,2175836294.6828,1903014108.2291,4220102649.1876
SOL,2026-03-15T16:00:00Z,2.04,209923383.218,206502882.1418,260876377.29,416504326.1354
BTC,2026-03-16T16:00:00Z,0.88,4273840518.5951,4776834999.6469,3028216632.6815,9064036619.8805
ETH,2026-03-16T16:00:00Z,0.68,7972598585.1661,9071750179.3946,2220231408.7623,17063816387.9637
SOL,2026-03-16T16:00:00Z,1.3,650287755.6528,722326106.0417,293842521.2497,1373180632.5248
BTC,2026-03-17T16:00:00Z,1.0,4560069483.2578,4720106497.0993,3073605744.5407,9297090803.9352
ETH,2026-03-17T16:00:00Z,0.97,8101909439.6123,8338657056.6036,2176073821.5772,16483304928.6766
SOL,2026-03-17T16:00:00Z,1.58,498352310.7461,518068882.377,288768879.7253,1017065441.2049
BTC,2026-03-18T16:00:00Z,1.22,3976761074.8198,3632063259.4506,3141185186.5831,7654276601.9944
ETH,2026-03-18T16:00:00Z,1.38,6567073471.3084,6053227198.2006,2046722149.6677,12731196704.4452
SOL,2026-03-18T16:00:00Z,1.77,487940009.0117,445336647.0351,262346974.2957,938181576.2156
BTC,2026-03-19T16:00:00Z,1.57,4368532591.9553,4105531855.4566,3018745054.1127,8528502476.2774
ETH,2026-03-19T16:00:00Z,1.73,7066730765.6283,7042364122.979,1972510855.4775,14179840326.2191
SOL,2026-03-19T16:00:00Z,1.88,456448714.1179,435573628.3385,255579587.748,893326604.6221
BTC,2026-03-20T16:00:00Z,1.45,3725686332.0492,3788220510.2096,3020197352.5876,7538577471.5216
ETH,2026-03-20T16:00:00Z,1.8,4590657476.685,4729316894.9181,1922152488.4319,9342357024.1795
SOL,2026-03-20T16:00:00Z,1.93,338421553.7422,342185200.2124,261471877.0745,680755540.7993
BTC,2026-03-21T16:00:00Z,1.33,1771357028.4083,1889630678.3276,2972392637.9186,3664418413.8594
ETH,2026-03-21T16:00:00Z,1.58,1981430607.7676,1960802468.2466,1942675136.1047,3944633028.0891
SOL,2026-03-21T16:00:00Z,1.96,207388144.6528,207492996.1723,259935679.1891,415013801.0467
BTC,2026-03-22T16:00:00Z,1.6,2918537530.2913,2588359754.9014,2944158650.4414,5580778935.8658
ETH,2026-03-22T16:00:00Z,1.93,3904304265.1829,3565194621.0497,1878317144.1485,7567384657.579
SOL,2026-03-22T16:00:00Z,2.18,307610158.5591,301478029.5113,264906010.6168,611925881.3865
BTC,2026-03-23T16:00:00Z,1.18,5795943883.6284,5985080293.1676,2891366635.8593,11832863600.0941
ETH,2026-03-23T16:00:00Z,1.38,7205656180.0354,7613299096.5702,1821669990.9235,14899934845.5259
SOL,2026-03-23T16:00:00Z,1.73,626091223.7629,644950132.6887,259428177.3945,1274758214.1716
BTC,2026-03-24T16:00:00Z,1.52,3534563846.1551,3533989201.5431,2904589149.9258,7076655028.5988
ETH,2026-03-24T16:00:00Z,1.82,4386307319.3599,4489107007.146,1853071781.5988,8888063635.2162
SOL,2026-03-24T16:00:00Z,1.9,439957734.7135,459354229.9107,261155755.085,900275833.0836
BTC,2026-03-25T16:00:00Z,1.19,4030521604.0319,4194732175.2607,2917649679.4369,8249611521.2751
ETH,2026-03-25T16:00:00Z,1.37,4556915813.721,4647920478.6179,1897736738.0625,9224325703.03
SOL,2026-03-25T16:00:00Z,1.52,427379670.3981,459397316.0167,275030213.9683,887066737.5542
BTC,2026-03-26T16:00:00Z,1.84,3526266934.2527,3382473155.7363,3010147976.4304,6960374991.3084
ETH,2026-03-26T16:00:00Z,2.56,4268496976.7882,4057374178.5638,1903826506.2521,8423166399.2213
SOL,2026-03-26T16:00:00Z,2.69,416439113.0714,362853793.3471,264636516.9266,781596835.0111
BTC,2026-03-27T16:00:00Z,2.39,4570668278.2555,4094574383.6735,2945138323.1875,8807784581.9868
ETH,2026-03-27T16:00:00Z,2.65,4932021914.2027,4664632399.0783,1806285999.52,9736659606.0716
SOL,2026-03-27T16:00:00Z,2.95,529236938.5184,462803295.6834,272969016.1128,1002371832.9915
BTC,2026-03-28T16:00:00Z,2.43,2015050988.1001,2141698062.2376,2942177560.526,4162488409.5339
ETH,2026-03-28T16:00:00Z,2.65,2157340908.5386,2415258080.1279,1851904305.599,4574905824.8351
SOL,2026-03-28T16:00:00Z,3.23,280826713.2569,294256795.5491,281636143.0992,576240228.3058
BTC,2026-03-29T16:00:00Z,2.2,1583974435.2913,1519834258.3893,2940007707.6769,3123206465.5429
ETH,2026-03-29T16:00:00Z,2.64,1899994018.3405,1748680080.691,1829092331.7017,3669204666.7299
SOL,2026-03-29T16:00:00Z,3.11,234536115.6713,207874491.6721,276890248.3569,444125991.4955
BTC,2026-03-30T16:00:00Z,1.63,3812704353.3391,3871794705.55,2867232994.136,7741566050.2492
ETH,2026-03-30T16:00:00Z,1.52,4643096027.0595,4945050964.6517,1820089244.703,9653079839.134
SOL,2026-03-30T16:00:00Z,2.69,451890817.6771,484338513.788,260614723.0382,946999357.7495
BTC,2026-03-31T16:00:00Z,1.89,4389289062.5484,4357827817.4279,2778310474.6482,8767444325.768
ETH,2026-03-31T16:00:00Z,1.73,5086802585.2376,5302305806.4652,1700534171.0391,10420723153.1412
SOL,2026-03-31T16:00:00Z,3.36,510224545.9499,469444029.3246,259858645.4518,981707477.088
BTC,2026-04-01T16:00:00Z,1.52,3689553875.3232,3828842138.1566,2916292450.4845,7526255410.265
ETH,2026-04-01T16:00:00Z,1.34,5067558006.0608,5381765044.6623,1813399187.7264,10463503971.0339
SOL,2026-04-01T16:00:00Z,2.85,385549523.9242,413020054.8039,252594220.5768,798799233.8404
BTC,2026-04-02T16:00:00Z,2.14,3930851538.4127,3735516312.0415,2817667624.2752,7711452196.1436
ETH,2026-04-02T16:00:00Z,2.11,5457041415.9595,5364195077.5176,1743808047.6699,10883513438.1207
SOL,2026-04-02T16:00:00Z,3.67,758597153.8484,709231775.2125,275806148.5644,1477228488.1579
BTC,2026-04-03T16:00:00Z,1.78,2093862316.6046,2104566123.8545,2794940010.864,4212076667.1365
ETH,2026-04-03T16:00:00Z,1.96,2473565998.2331,2589636292.9481,1708987852.4715,5070487104.8862
SOL,2026-04-03T16:00:00Z,3.01,332430754.7877,345692730.4198,269248400.3252,678378774.5702
BTC,2026-04-04T16:00:00Z,1.69,895865261.8088,992184502.0552,2818315674.8438,1888087754.2388
ETH,2026-04-04T16:00:00Z,2.03,952412857.4604,973376623.7953,1694577933.8387,1926232104.6502
SOL,2026-04-04T16:00:00Z,3.0,173833242.2573,186954337.4808,260868478.2762,360806011.252
BTC,2026-04-05T16:00:00Z,1.71,1469409401.1413,1537185047.5635,2768806131.7626,3016083409.8478
ETH,2026-04-05T16:00:00Z,2.1,2053382255.5911,2083608519.5891,1676792097.2276,4157598537.1213
SOL,2026-04-05T16:00:00Z,3.13,263816567.8856,240777859.1516,261623728.8,506530883.8781
BTC,2026-04-06T16:00:00Z,1.16,3390311136.3235,3739476927.1086,2941303690.5319,7132473616.1506
ETH,2026-04-06T16:00:00Z,0.98,4246755903.89,4691820084.4692,1903339506.968,8941374686.1156
SOL,2026-04-06T16:00:00Z,2.48,385164989.8073,401104338.2339,254984189.8808,786330068.8971
BTC,2026-04-07T16:00:00Z,1.48,3383732930.2174,3319648572.9408,2837796247.2699,6722211905.3766
ETH,2026-04-07T16:00:00Z,2.01,4745930049.7588,4600229248.7898,1606300617.826,9382473922.6503
SOL,2026-04-07T16:00:00Z,3.38,396382106.1282,358157122.633,253473451.891,755973842.1603
BTC,2026-04-08T16:00:00Z,1.07,5230385187.5674,5739952493.4455,3158570935.9124,10981497353.7359
ETH,2026-04-08T16:00:00Z,1.01,6683407522.2141,7270014511.4061,1850866281.3508,13980423859.7993
SOL,2026-04-08T16:00:00Z,2.2,583307396.1245,616945070.5718,243162161.0762,1200974981.8141
BTC,2026-04-09T16:00:00Z,1.06,3038416497.3585,3256540578.3705,3206743026.1166,6301634313.2064
ETH,2026-04-09T16:00:00Z,1.39,4253611812.0296,4356789298.8954,1802159505.5229,8629766743.8472
SOL,2026-04-09T16:00:00Z,2.57,299851824.1661,305805394.5573,239149758.16,606504202.2869
BTC,2026-04-10T16:00:00Z,0.84,3994110684.5809,4015041923.875,3170451508.4016,8014479785.9327
ETH,2026-04-10T16:00:00Z,0.98,4910550143.7034,5072267953.8848,1858831666.223,10000107798.2188
SOL,2026-04-10T16:00:00Z,2.04,426225077.6843,441553710.3334,246225366.77,868037650.5269
BTC,2026-04-11T16:00:00Z,0.87,1667997095.9875,1665300017.74,3222462846.258,3334204170.2384
ETH,2026-04-11T16:00:00Z,0.91,2023610204.0574,2053328863.728,1928909239.4716,4077707794.004
SOL,2026-04-11T16:00:00Z,2.19,229681400.5548,227044129.0814,246760944.2986,456775867.5463
BTC,2026-04-12T16:00:00Z,1.08,2766938885.409,2654604451.2015,3090295504.8838,5446621304.0348
ETH,2026-04-12T16:00:00Z,1.4,4596501790.2315,4536029245.0169,1763779769.3014,9169633815.3227
SOL,2026-04-12T16:00:00Z,2.61,367202866.8517,346486012.1887,226576330.264,716385513.4868
BTC,2026-04-13T16:00:00Z,1.06,2589616805.654,2825503643.0395,3132741555.4482,5420375134.5256
ETH,2026-04-13T16:00:00Z,1.52,3370969868.3954,3513039497.2662,1683854943.8363,6893770301.0133
SOL,2026-04-13T16:00:00Z,2.46,300813114.2986,311329416.7465,230902952.2474,612287058.9124
BTC,2026-04-14T16:00:00Z,0.75,4453586155.343,4907736926.7965,3481140857.787,9366412927.0706
ETH,2026-04-14T16:00:00Z,0.8,7108936865.5028,7721834408.1931,1957039752.9867,14849231390.5249
SOL,2026-04-14T16:00:00Z,1.85,475562741.5589,508884195.1394,250827406.0436,984788832.4998
BTC,2026-04-15T16:00:00Z,0.96,3340215161.2756,3173153192.4147,3355552724.9015,6525727482.5273
ETH,2026-04-15T16:00:00Z,1.15,3899785789.4966,3931166335.7769,1863255357.2619,7851360700.7661
SOL,2026-04-15T16:00:00Z,2.67,389944452.8928,363464766.1636,238701693.43,754363403.7549
BTC,2026-04-16T16:00:00Z,0.94,3231082955.5874,3449033094.2714,3306929102.9611,6695059957.095
ETH,2026-04-16T16:00:00Z,1.19,4609684148.2628,4638724845.9291,1784679511.9875,9286313188.5632
SOL,2026-04-16T16:00:00Z,2.07,383428891.8039,396199566.8761,248135375.5012,780107066.3071
BTC,2026-04-17T16:00:00Z,0.65,4890429852.0512,5531526718.8385,3635976475.3239,10429615300.2313
ETH,2026-04-17T16:00:00Z,0.71,6117574136.1963,6398494196.5172,2004077497.7767,12526992675.8779
SOL,2026-04-17T16:00:00Z,1.64,650820278.4154,673666527.1043,261302395.435,1324895559.8015
BTC,2026-04-18T16:00:00Z,0.9,2952269539.6514,2785736128.108,3415972072.1004,5760764367.9362
ETH,2026-04-18T16:00:00Z,1.27,4010094240.4681,3860351500.9621,1927524627.8243,7893016599.3819
SOL,2026-04-18T16:00:00Z,2.12,315148522.7755,295511331.7305,243691905.5,612148186.7167
BTC,2026-04-19T16:00:00Z,1.02,2403079042.1982,2305650756.2436,3386283922.1824,4725204188.8926
ETH,2026-04-19T16:00:00Z,1.49,3265773669.5917,3082898037.217,1808682304.0404,6382967761.1466
SOL,2026-04-19T16:00:00Z,2.28,351618463.0391,318548680.5683,234373420.321,671181383.273
BTC,2026-04-20T16:00:00Z,0.99,3879106019.6884,3927808069.6263,3319811082.4809,7844951330.0844
ETH,2026-04-20T16:00:00Z,1.56,5074207242.4297,4997777208.5925,1779688496.6984,10123639520.999
SOL,2026-04-20T16:00:00Z,2.43,359027067.0811,345809382.1526,234228993.156,707858119.0654
BTC,2026-04-21T16:00:00Z,0.94,3335552539.5514,3596320146.3293,3403679510.9075,6936613090.3116
ETH,2026-04-21T16:00:00Z,1.59,3613956958.9076,3820173771.0637,1723644046.3016,7443789494.3413
SOL,2026-04-21T16:00:00Z,2.34,266216377.6276,282305370.2786,239662989.902,548618667.9594
BTC,2026-04-22T16:00:00Z,0.61,4565982231.9643,5048298575.1834,3763758011.7485,9621985474.7159
ETH,2026-04-22T16:00:00Z,0.87,5395473246.2445,5850182276.1965,1903401506.4739,11255062045.8925
SOL,2026-04-22T16:00:00Z,1.8,381575088.7783,432607030.8099,270138478.1963,814688380.1741
BTC,2026-04-23T16:00:00Z,0.75,3751744047.1075,3720055898.4746,3621013186.6364,7482968836.9353
ETH,2026-04-23T16:00:00Z,1.58,4427329978.751,4294175774.7693,1776093446.5073,8754956704.0512
SOL,2026-04-23T16:00:00Z,2.41,340577108.1812,310327581.7034,250600313.0412,652588601.6501
BTC,2026-04-24T16:00:00Z,0.81,3760756382.7265,3677144953.2713,3454250463.8793,7447512102.1125
ETH,2026-04-24T16:00:00Z,1.77,3718575795.3239,3691981591.7592,1785540248.8978,7429771317.0999
SOL,2026-04-24T16:00:00Z,2.42,318579830.1625,303849642.2352,243526444.1724,623055153.1081
BTC,2026-04-25T16:00:00Z,0.93,1527338710.2403,1508783710.4289,3299519783.4614,3037497357.959
ETH,2026-04-25T16:00:00Z,1.79,1258225433.6679,1154796424.0567,1754001857.6417,2414353529.1469
SOL,2026-04-25T16:00:00Z,2.32,148742813.055,138061964.653,247996703.576,286833938.1371
BTC,2026-04-26T16:00:00Z,0.88,1468678747.3598,1498526872.6028,3323136752.0297,2969173318.8803
ETH,2026-04-26T16:00:00Z,1.4,1698753649.0824,1877258590.3815,1876295492.3902,3576875596.6726
SOL,2026-04-26T16:00:00Z,2.5,185559055.5147,178917184.7721,246006938.5252,364510924.7838
BTC,2026-04-27T16:00:00Z,0.96,4989290659.4838,4489113086.9004,3338083108.6499,9508566649.7756
ETH,2026-04-27T16:00:00Z,1.87,5484726011.0927,5164899903.2829,1805728076.3988,10710293212.6559
SOL,2026-04-27T16:00:00Z,2.92,451613769.8691,411624438.7987,253578953.5276,865804922.9652
BTC,2026-04-28T16:00:00Z,1.08,3018086937.4728,2741499717.1597,3260512889.4685,5773379998.9152
ETH,2026-04-28T16:00:00Z,1.78,3042607852.9364,2989328084.0037,1856679055.7672,6046849416.2153
SOL,2026-04-28T16:00:00Z,3.1,229012688.9501,216175946.0483,256612592.947,445654952.2967
BTC,2026-04-29T16:00:00Z,1.0,3092448043.6909,3232484159.7953,3120774488.6711,6333330305.8626
ETH,2026-04-29T16:00:00Z,1.65,4379975708.4093,4550386614.3769,1765711173.7394,8953053457.3339
SOL,2026-04-29T16:00:00Z,2.84,296680671.4385,297360349.5021,253097890.6225,594415871.9928
BTC,2026-04-30T16:00:00Z,1.04,3592016428.5997,3537209008.4279,3174132198.8026,7151004511.011
ETH,2026-04-30T16:00:00Z,1.77,4496110684.9038,4386117750.7745,1819415949.5135,8958049993.5924
SOL,2026-04-30T16:00:00Z,2.93,289737904.4004,278895425.664,255098289.9275,572291836.2754
BTC,2026-05-01T16:00:00Z,0.71,3393831123.1481,3605927468.506,3368344719.1003,7000868514.2874
ETH,2026-05-01T16:00:00Z,1.23,2909585224.7171,3104825207.1569,1828119588.7656,6015791113.883
SOL,2026-05-01T16:00:00Z,2.66,199915558.8573,211725506.1525,248455630.5338,411671326.863
BTC,2026-05-02T16:00:00Z,0.7,1366444763.486,1424968941.324,3323012235.732,2793624876.1854
ETH,2026-05-02T16:00:00Z,1.28,1597511791.7191,1619089015.1886,1772738364.3085,3237258143.0333
SOL,2026-05-02T16:00:00Z,2.85,152420950.6091,151924405.3463,251048003.8416,304409713.8043
BTC,2026-05-03T16:00:00Z,0.7,1359300880.7968,1468336906.681,3336478200.058,2829298162.8464
ETH,2026-05-03T16:00:00Z,1.21,1681771290.907,1860000585.4064,1792616759.4601,3545030114.7435
SOL,2026-05-03T16:00:00Z,2.86,136029045.9079,138208555.6087,248465232.609,274277041.6915
BTC,2026-05-04T16:00:00Z,0.67,5348536037.8924,5823791545.646,3313048664.4905,11193901248.0473
ETH,2026-05-04T16:00:00Z,1.2,5675296044.8987,5876787929.075,1835488365.9718,11580786843.589
SOL,2026-05-04T16:00:00Z,2.84,426006933.0708,419080170.5317,252645293.3448,846199878.5998
BTC,2026-05-05T16:00:00Z,0.55,3563645182.2121,3792202111.5532,3710005695.7092,7358708173.5813
ETH,2026-05-05T16:00:00Z,0.98,3528303305.0048,3589580666.7665,1983819856.7811,7121821304.4779
SOL,2026-05-05T16:00:00Z,2.52,251521651.0558,263279210.8697,269326061.325,514809247.2649
BTC,2026-05-06T16:00:00Z,0.68,4252129422.5136,4657537577.7504,3582758784.5781,8920588079.8568
ETH,2026-05-06T16:00:00Z,1.51,5124256600.1409,5274378308.553,2033180974.9336,10432220706.262
SOL,2026-05-06T16:00:00Z,1.91,419464945.3281,466331022.7764,298640105.8393,886502313.3844
BTC,2026-05-07T16:00:00Z,0.8,3572774998.6515,3075892844.9637,3445457294.8744,6676271816.6816
ETH,2026-05-07T16:00:00Z,2.1,4144829916.1861,3650436904.8213,2052684510.664,7849067115.723
SOL,2026-05-07T16:00:00Z,1.83,401590316.8632,414464356.0539,295073827.8873,816773504.1914
BTC,2026-05-08T16:00:00Z,0.84,3150598097.6285,3151350372.6182,3461268612.0502,6314931887.5243
ETH,2026-05-08T16:00:00Z,2.26,3235916232.5052,3173634700.5398,2124505910.7345,6428540161.7845
SOL,2026-05-08T16:00:00Z,1.89,320145329.2389,331945690.337,299674229.4202,652290499.2198
BTC,2026-05-09T16:00:00Z,0.83,1485247535.4861,1501672344.1726,3505271815.3207,2986957507.8088
ETH,2026-05-09T16:00:00Z,1.89,1990139870.0105,1969124649.9613,2071423380.8003,3961062857.4987
SOL,2026-05-09T16:00:00Z,1.2,474128536.2661,495542530.7852,331247794.4875,969953809.1618
BTC,2026-05-10T16:00:00Z,0.8,1279818831.3771,1483825928.4938,3532054275.38,2763836893.0053
ETH,2026-05-10T16:00:00Z,1.71,1641188163.5315,1826555134.666,2051086341.9039,3468307815.3074
SOL,2026-05-10T16:00:00Z,1.29,313356304.5154,352261093.2834,339519529.5479,665681879.261
BTC,2026-05-11T16:00:00Z,0.83,3804898766.6942,3733857873.1991,3511509079.8679,7556896147.2034
ETH,2026-05-11T16:00:00Z,2.0,4675189609.175,4489751568.5719,2107470059.3076,9198435031.7263
SOL,2026-05-11T16:00:00Z,1.35,684135859.0419,689720330.2068,340740564.122,1376323117.3676
BTC,2026-05-12T16:00:00Z,0.88,3502700369.9161,3243657565.8784,3493632545.5021,6757032556.5265
ETH,2026-05-12T16:00:00Z,2.75,3884154994.188,3254681067.2628,2217400283.4719,7202498603.989
SOL,2026-05-12T16:00:00Z,1.39,565864356.1822,523068672.2972,325109463.434,1090778417.9273
BTC,2026-05-13T16:00:00Z,1.15,3796057164.9974,3494493186.0935,3512598491.0108,7328230243.0611
ETH,2026-05-13T16:00:00Z,2.71,4072158877.4323,3766612374.5644,2138039308.1387,7890776814.2852
SOL,2026-05-13T16:00:00Z,1.82,461959343.7179,455173746.5678,299892228.2002,922688093.172
BTC,2026-05-14T16:00:00Z,0.85,3673935289.4068,3854555585.7624,3504963010.3979,7532822482.8851
ETH,2026-05-14T16:00:00Z,2.05,3434185412.7934,3463311705.9458,2114567097.6794,6906446255.187
SOL,2026-05-14T16:00:00Z,2.18,393137618.2689,373511587.4126,292431983.1765,767045290.5892
BTC,2026-05-15T16:00:00Z,1.29,5267476848.3171,5209988434.9337,3382429911.203,10513708982.8194
ETH,2026-05-15T16:00:00Z,3.35,5105718598.5343,4875893610.6707,2252854922.6963,10057928003.2916
SOL,2026-05-15T16:00:00Z,2.38,425703195.7381,401233049.4475,277756596.9704,831454794.1403
BTC,2026-05-16T16:00:00Z,1.47,2390238829.2465,2231704316.2084,3422611240.7347,4657861907.4414
ETH,2026-05-16T16:00:00Z,3.11,2847754520.636,2482287019.8576,2254122692.6395,5439412157.0817
SOL,2026-05-16T16:00:00Z,2.81,288676904.7842,281823297.4884,279952349.3816,576185415.2664
BTC,2026-05-17T16:00:00Z,1.49,1456516322.5989,1387614473.3524,3420321934.7466,2847535216.9115
ETH,2026-05-17T16:00:00Z,2.81,1556346954.6278,1544320818.7728,2238020353.902,3103148538.9197
SOL,2026-05-17T16:00:00Z,2.93,173574359.3345,167736332.5873,279807056.9305,341357572.74
BTC,2026-05-18T16:00:00Z,1.61,4190526407.138,4073395065.3883,3468276281.763,8362491482.5119
ETH,2026-05-18T16:00:00Z,2.98,4952087553.5371,4609721422.5197,2050055109.9816,9824651931.774
SOL,2026-05-18T16:00:00Z,3.07,382619658.4612,342307197.1497,264729416.3934,733834429.8808
BTC,2026-05-19T16:00:00Z,1.51,3047460479.9784,2986518432.7117,3367962902.4859,6041666217.3091
ETH,2026-05-19T16:00:00Z,2.88,4065909761.545,3980742680.4456,1992454872.2349,8085036616.899
SOL,2026-05-19T16:00:00Z,2.86,236633951.5782,226792258.7167,265525297.4616,463675996.6095
BTC,2026-05-20T16:00:00Z,1.3,2626926711.3049,2777223189.2671,3328450728.0873,5405814012.7296
ETH,2026-05-20T16:00:00Z,2.39,2669618478.1533,2825090817.253,1973219359.4092,5499948404.8505
SOL,2026-05-20T16:00:00Z,2.9,199077845.9475,203783434.6369,276024775.1757,402889700.9081
BTC,2026-05-21T16:00:00Z,1.38,2948453766.2658,3039423070.8256,3327407389.4365,5997595170.8715
ETH,2026-05-21T16:00:00Z,2.66,3193978969.6852,3241576218.7964,1950404883.1628,6452391546.7432
SOL,2026-05-21T16:00:00Z,2.84,308264383.2539,316981930.9471,268524463.35,625569579.766
BTC,2026-05-22T16:00:00Z,1.49,2626617266.652,2537738914.7355,3371700119.6847,5169900817.1725
ETH,2026-05-22T16:00:00Z,2.78,2546544820.7459,2508284176.8223,1971589603.9646,5060206344.9723
SOL,2026-05-22T16:00:00Z,2.7,263755662.9246,277370198.6379,266217764.6354,541281643.0361
BTC,2026-05-23T16:00:00Z,1.62,3899809682.3652,3381738573.5551,3404162635.1109,7461114443.4589
ETH,2026-05-23T16:00:00Z,2.68,4331079370.2815,3865721728.5938,1931450996.3651,8419016353.8786
SOL,2026-05-23T16:00:00Z,2.96,409367922.4165,387953475.8654,270948478.1686,810056973.2892
BTC,2026-05-24T16:00:00Z,1.3,2805467800.5015,3029484346.1914,3217562158.4053,5839736230.3869
ETH,2026-05-24T16:00:00Z,2.27,3237881405.4872,3242781332.2453,1823354739.5015,6497020579.7658
SOL,2026-05-24T16:00:00Z,2.69,298530388.9674,311380756.297,255913177.383,610433887.7313
BTC,2026-05-25T16:00:00Z,1.08,2271948730.1523,2420671906.8181,3248658126.3526,4694766425.1291
ETH,2026-05-25T16:00:00Z,2.0,2467827825.5838,2545206712.3237,1819810200.097,5023304183.6137
SOL,2026-05-25T16:00:00Z,2.72,199528411.6031,203208773.0644,258674896.9132,403245033.4867
BTC,2026-05-26T16:00:00Z,1.27,3507353129.0423,3516270008.6128,3189865859.4579,7036135829.4867
ETH,2026-05-26T16:00:00Z,2.56,3832644614.9061,3775517765.4547,1862343532.0957,7635412562.1114
SOL,2026-05-26T16:00:00Z,2.99,263590321.2209,248937826.9097,252889577.6919,513077809.1245
BTC,2026-05-27T16:00:00Z,1.72,3364853203.0233,3209501552.7252,3409469391.9809,6619161805.8309
ETH,2026-05-27T16:00:00Z,2.94,3511367102.1759,3466165353.3565,1984384429.0547,7006423481.3556
SOL,2026-05-27T16:00:00Z,3.1,252137582.4335,239845546.6464,259813488.4912,492751399.8013
BTC,2026-05-28T16:00:00Z,1.94,4552929488.7658,4075829332.2323,3486008116.207,8755557568.4017
ETH,2026-05-28T16:00:00Z,3.29,4858601275.8478,4383988109.218,2035187091.7637,9438454254.251
SOL,2026-05-28T16:00:00Z,3.48,359944450.9904,314819554.0849,263819663.0614,682516462.0694
BTC,2026-05-29T16:00:00Z,1.67,3284737373.2329,3342873663.4784,3322873495.7137,6636086825.3425
ETH,2026-05-29T16:00:00Z,2.53,3738115439.0901,4015470555.389,1913680934.0324,7766873132.1676
SOL,2026-05-29T16:00:00Z,3.26,231148019.297,228624793.6904,259630416.7862,460153207.7736
BTC,2026-05-30T16:00:00Z,1.62,1906707098.19,1992519896.4172,3273961174.8667,3903028523.9844
ETH,2026-05-30T16:00:00Z,2.63,2079631847.1818,2134970425.6208,1878879127.3673,4222187360.7261
SOL,2026-05-30T16:00:00Z,3.2,142891608.7648,148127453.6671,254797550.9706,291332060.4456
BTC,2026-05-31T16:00:00Z,1.59,1104186997.2806,1127742820.2569,3277637200.2835,2233508736.4891
ETH,2026-05-31T16:00:00Z,2.92,1463013488.6061,1400147432.6063,1931127054.678,2868588389.5254
SOL,2026-05-31T16:00:00Z,3.46,125737964.4282,119723315.2092,256896952.5744,245593354.4044
BTC,2026-06-01T16:00:00Z,1.91,3982180719.3025,3750676364.8092,3364900453.8806,7821571205.5666
ETH,2026-06-01T16:00:00Z,3.42,3685768592.1898,3525054298.5112,1971549991.7048,7265658451.8962
SOL,2026-06-01T16:00:00Z,3.5,286336556.9357,257613507.6162,258831945.1695,546427875.2386
BTC,2026-06-02T16:00:00Z,2.02,6448834622.2183,5962533449.6121,3442797338.6152,12587910110.4195
ETH,2026-06-02T16:00:00Z,3.49,5231770058.0161,5116061503.5251,1991123158.2488,10495904738.8756
SOL,2026-06-02T16:00:00Z,3.76,395093384.6731,359018021.9404,249587712.1794,764587910.1087
BTC,2026-06-03T16:00:00Z,1.92,6017832459.0617,5763053785.7332,3258423229.1402,11884122835.2073
ETH,2026-06-03T16:00:00Z,3.06,5630419404.276,5334858906.3327,1786170847.9203,11118997277.6895
SOL,2026-06-03T16:00:00Z,3.33,489842756.5753,457615082.1533,239527481.6975,960602293.8461
BTC,2026-06-04T16:00:00Z,1.63,9716695505.472,9213093478.3455,3012084691.9336,19106842181.9363
ETH,2026-06-04T16:00:00Z,2.56,8060618148.4696,7851238593.6476,1639282133.154,16091260579.9094
SOL,2026-06-04T16:00:00Z,3.25,745561786.5883,685035092.2728,237407234.3407,1447926973.31
BTC,2026-06-05T16:00:00Z,2.03,7740142158.5003,7062166762.941,2626030432.4916,14906363149.9432
ETH,2026-06-05T16:00:00Z,3.22,8441609120.2734,7741063387.8562,1509113701.2496,16463180148.7545
SOL,2026-06-05T16:00:00Z,3.04,627440577.9135,596505509.4262,220953571.2464,1234679148.6233
BTC,2026-06-06T16:00:00Z,1.76,6142094637.7263,6020377336.4054,2583133879.7958,12220992685.0832
ETH,2026-06-06T16:00:00Z,2.43,6817775091.2592,6806724628.4781,1440379219.008,13737831339.6378
SOL,2026-06-06T16:00:00Z,2.72,630235595.9394,594076698.8401,203521875.052,1231475408.1032
BTC,2026-06-07T16:00:00Z,1.88,3257557069.5623,3450573670.1451,2596838642.7913,6715685186.7007
ETH,2026-06-07T16:00:00Z,2.26,3408292958.4187,3669996374.8633,1505459215.1792,7090581239.4269
SOL,2026-06-07T16:00:00Z,2.8,352287652.8235,373644083.8902,208612185.186,726468802.9191
BTC,2026-06-08T16:00:00Z,1.54,4921074784.4648,5105280573.8227,2555610097.2696,10040366628.4747
ETH,2026-06-08T16:00:00Z,2.16,4486614750.1751,4658870288.3015,1497193038.58,9165782739.4367
SOL,2026-06-08T16:00:00Z,2.66,389372380.287,392851835.2368,210860745.8907,782986082.607
BTC,2026-06-09T16:00:00Z,2.14,3786848025.2776,3555896087.8492,2584851523.4535,7377378015.0521
ETH,2026-06-09T16:00:00Z,2.66,3890026862.3977,3851781775.8096,1458635275.1511,7767618370.3879
SOL,2026-06-09T16:00:00Z,2.66,384274217.9063,356619397.6984,200189639.9068,742625162.4706
BTC,2026-06-10T16:00:00Z,1.81,3892701098.2936,3972516196.5374,2633821063.9838,7881318553.3466
ETH,2026-06-10T16:00:00Z,2.54,4105166964.6759,4118144774.5752,1443791655.0162,8253474353.8732
SOL,2026-06-10T16:00:00Z,2.65,335738458.9803,343099079.7346,205503667.8352,680447906.1365
BTC,2026-06-11T16:00:00Z,1.48,3112332455.2462,3233756537.3873,2707205873.9869,6355345049.5298
ETH,2026-06-11T16:00:00Z,2.06,3300625045.0279,3322060677.452,1479087940.9159,6642608689.3259
SOL,2026-06-11T16:00:00Z,2.17,345557016.3373,348658568.2548,202862998.3715,695987961.649
BTC,2026-06-12T16:00:00Z,1.4,3308420951.2555,3518538626.1803,2656380990.9953,6834118397.6109
ETH,2026-06-12T16:00:00Z,2.19,3554343516.3637,3659841258.6836,1466120856.9909,7225616600.8734
SOL,2026-06-12T16:00:00Z,2.41,305403177.353,322897287.0235,202414290.2025,628405926.163
BTC,2026-06-13T16:00:00Z,1.36,1360330860.8361,1466098298.8856,2731543471.9435,2827359238.3057
ETH,2026-06-13T16:00:00Z,1.98,1368036160.2255,1433399661.7058,1511065045.3236,2802026606.5751
SOL,2026-06-13T16:00:00Z,2.38,183100075.9442,194161265.8235,203430541.8261,377742783.33
BTC,2026-06-14T16:00:00Z,1.31,1541331799.3052,1523301567.1475,2759695916.6159,3069563490.8159
ETH,2026-06-14T16:00:00Z,2.48,1442739919.799,1361155777.2107,1478780402.1861,2812485395.8396
SOL,2026-06-14T16:00:00Z,2.37,179389667.9556,166000352.9344,196673775.4446,346028165.4162
BTC,2026-06-15T16:00:00Z,1.21,3686313913.3772,4180346072.8179,2884414445.6194,7871618935.382
ETH,2026-06-15T16:00:00Z,1.63,4374991809.994,5061264098.965,1724247637.9263,9440274626.538
SOL,2026-06-15T16:00:00Z,2.0,387167023.5571,415925508.5901,224453385.245,803170852.7945
BTC,2026-06-16T16:00:00Z,1.35,3328477219.8516,3113666093.8477,2732651454.9411,6461806625.077
ETH,2026-06-16T16:00:00Z,2.08,5214646917.2445,5278720394.6736,1517089578.5796,10533935427.6738
SOL,2026-06-16T16:00:00Z,2.22,457658229.0001,433270933.7651,214391686.166,892724172.5904
BTC,2026-06-17T16:00:00Z,1.38,2669116171.8511,2666035524.7953,2698380938.2346,5355335830.4724
ETH,2026-06-17T16:00:00Z,2.27,3572337139.6518,3565852630.6458,1516140788.4272,7165484267.0199
SOL,2026-06-17T16:00:00Z,2.32,301433909.979,304130645.2568,212581582.6066,606918205.1477
BTC,2026-06-18T16:00:00Z,1.66,4632587839.894,4364752878.1396,2581034725.5466,9058485503.6457
ETH,2026-06-18T16:00:00Z,2.61,5066350340.6435,4840391507.5363,1490002338.7639,9968194587.6358
SOL,2026-06-18T16:00:00Z,2.53,486517848.7604,443919190.494,201626664.2192,934553355.5143
BTC,2026-06-19T16:00:00Z,1.68,2473124040.8243,2603971800.4071,2665612166.1622,5086468580.3815
ETH,2026-06-19T16:00:00Z,2.38,2979800317.2755,3098788682.6903,1509078442.7832,6099214935.2018
SOL,2026-06-19T16:00:00Z,2.67,299776662.2215,293004276.0359,206115799.0462,593607494.3948
BTC,2026-06-20T16:00:00Z,1.45,1879387533.1098,2094056038.402,2651569874.8967,3975001755.2449
ETH,2026-06-20T16:00:00Z,2.12,2001876636.4209,2173261390.0811,1511320141.5431,4178891954.632
SOL,2026-06-20T16:00:00Z,2.36,304370819.2015,300483127.3529,210592962.1693,605479659.3482
BTC,2026-06-21T16:00:00Z,1.45,1470034029.9166,1397141765.6599,2668831407.2882,2868478014.5444
ETH,2026-06-21T16:00:00Z,2.29,1524976095.0485,1511614568.0584,1502842838.203,3040439653.1488
SOL,2026-06-21T16:00:00Z,1.98,302536542.7386,309486257.2198,225625111.862,612354275.5582
BTC,2026-06-22T16:00:00Z,1.41,3100985450.6816,3325374185.1108,2634158005.2497,6434891184.5615
ETH,2026-06-22T16:00:00Z,1.93,3428286655.7395,3581666352.5385,1541198002.1942,7021576216.0726
SOL,2026-06-22T16:00:00Z,2.11,441760132.4482,442670916.0299,227451768.2424,886068235.1737
BTC,2026-06-23T16:00:00Z,1.94,3762872648.8723,3558308815.8255,2697980405.5143,7374407709.607
ETH,2026-06-23T16:00:00Z,2.98,4329887794.8235,4119257095.7426,1574961694.1156,8563299526.4928
SOL,2026-06-23T16:00:00Z,2.75,463401910.6977,436388489.2611,231891799.2164,907900139.1766
BTC,2026-06-24T16:00:00Z,2.12,3895565468.9283,3742961371.8576,2703500354.8087,7694723101.9513
ETH,2026-06-24T16:00:00Z,2.81,3371572354.8177,3381566759.0403,1504225596.5692,6789906324.5014
SOL,2026-06-24T16:00:00Z,2.61,389793163.2283,365808800.5526,235500986.0304,758372778.2219
BTC,2026-06-25T16:00:00Z,2.05,7498947016.0198,7418575793.3407,2700609722.6585,15079770627.2733
ETH,2026-06-25T16:00:00Z,3.25,6849315798.6532,6808499543.4195,1431657847.1203,13787943534.2423
SOL,2026-06-25T16:00:00Z,2.84,688319599.5009,666854551.5114,224404568.2284,1366332422.911
BTC,2026-06-26T16:00:00Z,1.86,5531686456.3724,5505166431.9121,2485111326.2864,11070944295.0007
ETH,2026-06-26T16:00:00Z,2.55,5483814655.2231,5549483799.3763,1482462951.3126,11088382150.7486
SOL,2026-06-26T16:00:00Z,1.92,719220434.1303,745620004.4619,235570972.4236,1466177338.7324
BTC,2026-06-27T16:00:00Z,1.91,1797143769.1853,1958293263.8041,2514782580.8159,3757526164.0002
ETH,2026-06-27T16:00:00Z,2.45,1862814107.7501,2039322899.9861,1518987858.5764,3904176257.2709
SOL,2026-06-27T16:00:00Z,1.86,416041185.1251,456469881.5541,244324388.1084,873297934.7345
BTC,2026-06-28T16:00:00Z,1.95,1580377987.5239,1534287949.509,2507518848.5675,3123083157.9178
ETH,2026-06-28T16:00:00Z,2.73,2072918259.2367,1937719738.8009,1450722778.9827,4021301392.7762
SOL,2026-06-28T16:00:00Z,1.97,322374759.8076,316747659.1988,242316568.702,640442339.6432
BTC,2026-06-29T16:00:00Z,2.12,4256133569.7675,4248930247.8976,2548089122.7054,8539879231.3536
ETH,2026-06-29T16:00:00Z,2.88,4057957403.1712,4015258590.1118,1428285450.637,8098960719.6825
SOL,2026-06-29T16:00:00Z,1.89,704689086.8853,701711877.886,254159114.203,1408512205.7452
BTC,2026-06-30T16:00:00Z,2.74,3799837558.8597,3698016191.8641,2723204145.6682,7525564448.8605
ETH,2026-06-30T16:00:00Z,3.4,3845152888.4039,3960050558.6757,1464575485.7042,7823340912.811
SOL,2026-06-30T16:00:00Z,2.1,564920292.6979,575898347.1567,256606612.2377,1142919654.6763
BTC,2026-07-01T16:00:00Z,1.75,4114259307.4482,4115301230.4095,2556725461.4239,8252643098.9872
ETH,2026-07-01T16:00:00Z,1.93,3729306109.24,3831695938.3432,1453248797.2154,7574445273.6024
SOL,2026-07-01T16:00:00Z,1.42,602281590.2269,639291966.2299,282871731.5769,1242203484.4148
BTC,2026-07-02T16:00:00Z,1.52,4491521803.8374,4830445346.9308,2535164534.855,9329429368.03
ETH,2026-07-02T16:00:00Z,1.43,4958895780.2712,5548334868.255,1565580451.6961,10516785609.3271
SOL,2026-07-02T16:00:00Z,1.36,824405006.0261,949985504.7081,295552837.7402,1775523561.8784
BTC,2026-07-03T16:00:00Z,1.57,2247859774.7131,2311852398.3713,2588967622.9523,4568006200.6929
ETH,2026-07-03T16:00:00Z,1.45,3304679371.6001,3477290380.6098,1610424635.4224,6789204208.3948
SOL,2026-07-03T16:00:00Z,1.48,367214832.8218,448590046.9377,300286827.4391,816492553.6251
BTC,2026-07-04T16:00:00Z,1.5,1719004636.6753,1849981086.2748,2510949323.398,3569859096.9963
ETH,2026-07-04T16:00:00Z,1.46,2685271079.2146,2921784745.5031,1631361880.8442,5608360667.3473
SOL,2026-07-04T16:00:00Z,1.69,415322555.179,449545637.7115,300894698.0168,865545233.1483
BTC,2026-07-05T16:00:00Z,1.46,1649688678.0077,1612535268.5705,2507760596.9697,3264788210.9556
ETH,2026-07-05T16:00:00Z,1.5,2393118587.0106,2405547721.5821,1563114474.4273,4813396843.7393
SOL,2026-07-05T16:00:00Z,1.59,339399476.9523,333476231.8309,299426065.848,674753905.5409
BTC,2026-07-06T16:00:00Z,1.52,3872967080.2137,4030893179.3177,2528351580.8849,7947537752.6603
ETH,2026-07-06T16:00:00Z,1.54,4092252598.4831,4065445927.7392,1543080283.1894,8182396740.4045
SOL,2026-07-06T16:00:00Z,1.68,538413099.7317,523461092.3396,289510738.6315,1064961934.1279
BTC,2026-07-07T16:00:00Z,1.5,3545273398.5418,3679927634.1774,2563218021.0242,7232559043.2178
ETH,2026-07-07T16:00:00Z,1.62,4104158080.4961,4237935948.964,1515775067.4122,8353601149.5071
SOL,2026-07-07T16:00:00Z,1.67,463336450.7333,457264433.4906,274542974.7635,922121656.8718
BTC,2026-07-08T16:00:00Z,1.67,3307407778.0486,3107574858.6898,2526172785.1121,6437761094.1815
ETH,2026-07-08T16:00:00Z,1.99,3963418803.3378,3708180057.957,1510827982.1361,7709272078.8432
SOL,2026-07-08T16:00:00Z,2.06,525961516.6047,502148404.3082,285049695.18,1034944941.9332
BTC,2026-07-09T16:00:00Z,1.43,2945538081.1534,3078885572.8142,2492435840.9608,6028785807.0431
ETH,2026-07-09T16:00:00Z,1.84,2700136283.5738,2713010927.2291,1482880814.6925,5419579580.5062
SOL,2026-07-09T16:00:00Z,2.0,345385635.9359,346888759.0962,279007051.5834,692657833.6022
BTC,2026-07-10T16:00:00Z,1.18,2711768134.8104,3079481758.9179,2568108026.3488,5795700526.4381
ETH,2026-07-10T16:00:00Z,1.36,2959425222.0591,3131349966.597,1515878433.7917,6097203564.1262
SOL,2026-07-10T16:00:00Z,2.08,350123928.064,349522245.9438,263094300.3902,700669932.3021
BTC,2026-07-11T16:00:00Z,1.2,1156933947.742,1193940913.7264,2590719245.1757,2352257028.41
ETH,2026-07-11T16:00:00Z,1.25,1499981569.2827,1591614436.1144,1551491400.9894,3092866505.4279
SOL,2026-07-11T16:00:00Z,2.15,197583090.92,196726534.5775,262843785.8806,394466192.624
BTC,2026-07-12T16:00:00Z,1.24,1249225727.3112,1230380184.2126,2581498973.8269,2483091414.9523
ETH,2026-07-12T16:00:00Z,1.2,2274474873.4038,2243717289.009,1560546119.8464,4526577808.3213
SOL,2026-07-12T16:00:00Z,2.22,320076750.3307,307135724.6219,264990694.1072,631401877.831
BTC,2026-07-13T16:00:00Z,1.64,3404735706.1997,3309124005.0031,2605866899.4096,6741235214.9131
ETH,2026-07-13T16:00:00Z,1.64,3721288498.6573,3660357359.883,1469813430.1565,7400467815.2375
SOL,2026-07-13T16:00:00Z,2.3,351588454.0372,340141965.9599,255686336.0437,693708707.0489
BTC,2026-07-14T16:00:00Z,1.37,3681186101.2074,4031386453.6708,2590714194.8219,7721404882.1567
ETH,2026-07-14T16:00:00Z,1.0,4344898547.5604,4768358821.579,1746483981.0734,9125743532.4433
SOL,2026-07-14T16:00:00Z,2.43,364318358.7369,374172989.5105,254616417.5956,741364461.7738
BTC,2026-07-15T16:00:00Z,1.24,3017403231.6375,3328906142.5557,2622536215.0275,6349177469.7124
ETH,2026-07-15T16:00:00Z,1.1,3864671815.0221,4171285224.5114,1762989151.1353,8041893753.8407
SOL,2026-07-15T16:00:00Z,2.37,328485040.3068,347896909.6505,252371942.8106,677140652.475
BTC,2026-07-16T16:00:00Z,1.34,2698748240.0746,2636247177.1148,2588930567.9014,5345229035.9691
ETH,2026-07-16T16:00:00Z,1.46,3878026955.335,3742083009.9775,1654501900.6939,7652050417.7693
SOL,2026-07-16T16:00:00Z,2.48,348423836.0309,314626836.6591,246279477.4226,665089239.4216
BTC,2026-07-17T16:00:00Z,1.78,3352132043.9936,3045686593.5614,2592805384.4882,6421625228.1258
ETH,2026-07-17T16:00:00Z,1.94,3970090792.6009,3798402980.9417,1580588623.581,7811662608.1814
SOL,2026-07-17T16:00:00Z,2.69,318062990.8169,307509354.1941,247764264.3073,629781828.4837
BTC,2026-07-18T16:00:00Z,1.57,1236816859.8062,1402271054.33,2575755224.794,2639247820.0269
ETH,2026-07-18T16:00:00Z,1.81,1396111032.1956,1358240861.4782,1563670036.5378,2754797717.5706
SOL,2026-07-18T16:00:00Z,2.67,138980387.0606,132385868.404,248033919.2125,271495345.1329
BTC,2026-07-19T16:00:00Z,1.41,1407561999.0245,1551165579.8101,2656327879.5727,2959659237.1541
ETH,2026-07-19T16:00:00Z,1.69,1569182133.9689,1699738367.7522,1589640541.6808,3269055636.3877
SOL,2026-07-19T16:00:00Z,2.63,156208243.7954,168275252.3347,253200292.8601,324521093.5695
BTC,2026-07-20T16:00:00Z,1.26,3455917293.4678,3600019953.2495,2700101525.1827,7065746086.1989
ETH,2026-07-20T16:00:00Z,1.52,4031888810.1949,4065336820.7067,1595620884.1604,8116735317.8402
SOL,2026-07-20T16:00:00Z,2.41,361228100.6879,360406173.2503,251199852.3762,723514268.7368
BTC,2026-07-21T16:00:00Z,1.02,2882186499.9413,3141382022.1993,2830404860.7702,6024096502.2173
ETH,2026-07-21T16:00:00Z,1.16,3577471769.0161,3765988146.5527,1739563387.1333,7345578352.413
SOL,2026-07-21T16:00:00Z,2.2,248945128.2185,244024124.7743,255268592.5628,493120893.1081
BTC,2026-07-22T16:00:00Z,1.26,2650740925.585,2756966541.0651,2666597339.038,5416736308.9933
ETH,2026-07-22T16:00:00Z,1.11,3489007226.4578,3509025124.0738,1812872634.5598,7004446660.1744
SOL,2026-07-22T16:00:00Z,2.13,243337873.0478,233134671.0637,253628885.9978,477244286.6508
BTC,2026-07-23T16:00:00Z,1.54,2581129497.5132,2527530410.8827,2633105607.4232,5130994108.0771
ETH,2026-07-23T16:00:00Z,1.48,3641702096.8543,3541092276.0482,1677904470.717,7212314326.7871
SOL,2026-07-23T16:00:00Z,2.4,283715454.1746,265315509.7635,245662981.4676,551304592.5867
BTC,2026-07-24T16:00:00Z,1.77,3529422378.0587,3266280214.3244,2670176741.7035,6825222931.0053
ETH,2026-07-24T16:00:00Z,1.83,3675944312.3845,3458710746.4548,1620345613.0052,7179193159.7886
SOL,2026-07-24T16:00:00Z,2.76,299164953.5709,259571642.8164,249158098.2948,562382169.6173
BTC,2026-07-25T16:00:00Z,1.73,1108893407.6885,1058115970.5249,2685121805.411,2168491793.3501
ETH,2026-07-25T16:00:00Z,1.86,1217924597.6395,1147541293.2332,1620381239.23,2366377850.7945
SOL,2026-07-25T16:00:00Z,2.84,149157451.5022,154965121.2806,259051574.5222,304502138.3761
BTC,2026-07-26T16:00:00Z,1.68,1081494971.1229,1111079234.7898,2608594715.1185,2192592647.4374
ETH,2026-07-26T16:00:00Z,1.54,1501941796.3837,1678990758.2613,1741136031.6309,3181111238.0438
SOL,2026-07-26T16:00:00Z,2.83,153015207.1895,145490512.5539,252303233.7744,298515593.2079
BTC,2026-07-27T16:00:00Z,1.55,2791838626.5063,2813902182.2289,2547793372.7022,5621849591.6527
ETH,2026-07-27T16:00:00Z,1.26,4271424094.7765,4456179687.9274,1754725896.1303,8746517260.5551
SOL,2026-07-27T16:00:00Z,2.56,324944844.7917,291859080.7806,234587980.5016,618754500.3783
BTC,2026-07-28T16:00:00Z,1.85,3392939227.9371,3088002366.9053,2627097967.0689,6539457038.9402
ETH,2026-07-28T16:00:00Z,1.6,4150734517.8733,4057725857.6057,1583265157.0805,8258136234.8274
SOL,2026-07-28T16:00:00Z,2.85,332438450.1612,302207767.5184,235343699.0318,639739300.8216
BTC,2026-07-29T16:00:00Z,1.41,2540132292.4071,2656770112.5531,2540951743.1163,5200210177.9916
ETH,2026-07-29T16:00:00Z,1.54,3359171531.6957,3255558986.3757,1566172955.3367,6625855824.6913
SOL,2026-07-29T16:00:00Z,2.74,231120173.5836,211502538.9763,229755879.8225,443730684.7584
BTC,2026-07-30T16:00:00Z,1.27,3140357484.7283,3381209144.3326,2586909207.3327,6531017222.4607
ETH,2026-07-30T16:00:00Z,1.38,3739589411.6599,3704989968.3996,1615436995.2925,7457420877.4262
SOL,2026-07-30T16:00:00Z,2.5,278622686.4307,271547854.6743,237926533.4764,550935437.3415
BTC,2026-07-31T16:00:00Z,2.08,3286626814.851,3349576100.8314,2604878765.7584,6660930589.115
ETH,2026-07-31T16:00:00Z,2.2,3192701094.4194,3077268176.6554,1613665753.807,6305927451.1883
SOL,2026-07-31T16:00:00Z,2.67,237241818.3598,227953796.8234,240049573.048,466525549.4975
BTC,2026-08-01T16:00:00Z,2.13,944983340.1302,852449088.8047,2573437871.7015,1797744392.259
ETH,2026-08-01T16:00:00Z,2.17,1016177544.2591,1058410658.4911,1595411608.3104,2075419480.613
SOL,2026-08-01T16:00:00Z,2.92,110659563.5828,112695155.3186,238463984.9218,223520993.3718
BTC,2026-08-02T16:00:00Z,1.93,1759943165.1885,1658809619.3013,2573390040.3526,3430971406.3229
ETH,2026-08-02T16:00:00Z,2.0,2543640173.6352,2425885830.9132,1551795836.8422,5017946548.1865
SOL,2026-08-02T16:00:00Z,2.61,264285477.1935,246229941.0234,235827100.1892,516677106.8558
BTC,2026-08-03T16:00:00Z,1.64,2796266779.4579,2706332716.6917,2568269010.8088,5508192224.4416
ETH,2026-08-03T16:00:00Z,1.97,3112735409.8631,3086851746.9651,1573852137.6419,6213041684.094
SOL,2026-08-03T16:00:00Z,2.67,218865067.9518,215223243.038,237632687.4587,434481127.8865
BTC,2026-08-04T16:00:00Z,1.35,2273663136.5763,2398277161.0871,2565797658.5814,4673747482.9167
ETH,2026-08-04T16:00:00Z,1.74,2292765797.7428,2308996224.2048,1562754267.7479,4605499117.4353
SOL,2026-08-04T16:00:00Z,2.55,192460438.6498,192491044.2062,231737455.0186,385046959.107
BTC,2026-08-05T16:00:00Z,1.27,2397102596.0329,2559613175.3156,2565491757.2006,4957824046.9373
ETH,2026-08-05T16:00:00Z,1.69,2413933045.1908,2415828416.3913,1574339826.1953,4835282206.6066
SOL,2026-08-05T16:00:00Z,2.57,213264823.9794,222966990.8004,234383094.2795,436323019.575
BTC,2026-08-06T16:00:00Z,1.24,2100444530.365,2393369891.8424,2603377750.9076,4495609313.0136
ETH,2026-08-06T16:00:00Z,1.29,3050348586.4253,3314849205.7225,1520998130.2278,6368606453.2081
SOL,2026-08-06T16:00:00Z,2.8,221837834.8663,214042796.299,234606961.258,436603991.6732
BTC,2026-08-07T16:00:00Z,1.14,2062723649.6541,2192392245.5688,2636256792.3438,4257036498.9651
ETH,2026-08-07T16:00:00Z,1.33,2131221073.5913,2337900006.7338,1541491637.8685,4472594050.5119
SOL,2026-08-07T16:00:00Z,2.55,209535206.6121,190024791.6173,233373283.5183,401011270.8082
BTC,2026-08-08T16:00:00Z,1.16,876964400.9844,877714955.8653,2656363916.6622,1755531837.7287
ETH,2026-08-08T16:00:00Z,1.34,869931677.6543,875605636.3535,1549317667.7605,1746129295.5425
SOL,2026-08-08T16:00:00Z,2.15,236245924.9657,267622386.7321,262302784.1268,504214074.9302
BTC,2026-08-09T16:00:00Z,1.14,677813906.6763,619234205.2458,2715282977.5983,1297192933.5329
ETH,2026-08-09T16:00:00Z,1.33,757431969.3979,764695251.0631,1561003857.4151,1522536618.2808
SOL,2026-08-09T16:00:00Z,2.01,189277503.0144,191682524.3288,274229921.257,381103696.3369
BTC,2026-08-10T16:00:00Z,1.35,1869515867.4686,1835299031.6893,2681403739.0794,3715238703.3744
ETH,2026-08-10T16:00:00Z,1.78,2584774753.1396,2458072586.5296,1607742953.794,5071932226.6739
SOL,2026-08-10T16:00:00Z,2.0,285163638.731,252942373.0965,261649138.8895,540179426.2419
BTC,2026-08-11T16:00:00Z,1.82,2195340865.5604,2196422793.716,2669623036.388,4406820058.3787
ETH,2026-08-11T16:00:00Z,1.56,2001234976.1353,1882005789.244,1578593800.1383,3900593664.077
SOL,2026-08-11T16:00:00Z,2.24,212917900.5251,202787160.1205,258694007.5099,417226297.4408
BTC,2026-08-12T16:00:00Z,1.8,2436910972.901,2312123951.8726,2669071774.3235,4754606971.3729
ETH,2026-08-12T16:00:00Z,1.77,2319381578.6885,2412581023.3668,1527162618.5128,4735069191.577
SOL,2026-08-12T16:00:00Z,2.14,260559650.8578,247767118.2398,245611562.0801,509107280.5333
BTC,2026-08-13T16:00:00Z,2.32,1854535721.4816,1934603280.3242,2628531160.7719,3792174799.0372
ETH,2026-08-13T16:00:00Z,2.05,1938946781.6978,1919489226.6377,1519064192.8523,3867220425.2613
SOL,2026-08-13T16:00:00Z,2.34,194896794.2281,179256924.2336,252515595.1588,374395067.3061
BTC,2026-08-14T16:00:00Z,2.2,2521393454.2155,2422980310.5668,2871551875.5286,4967720987.8555
ETH,2026-08-14T16:00:00Z,1.86,1753743237.6681,1797211502.6325,1644871583.4381,3565156504.453
SOL,2026-08-14T16:00:00Z,2.39,167633317.5212,165330453.0668,248222611.1518,333722057.3079
BTC,2026-08-15T16:00:00Z,2.24,927211668.7994,831016335.8849,2747803041.8394,1758546178.0523
ETH,2026-08-15T16:00:00Z,1.91,767849607.7387,718570042.7266,1598241037.933,1486806793.4461
SOL,2026-08-15T16:00:00Z,2.41,123879186.6186,112545307.4555,253853265.4776,237450606.8045
BTC,2026-08-16T16:00:00Z,1.76,315465301.9388,302823872.6588,2748936403.6742,618412640.0832
ETH,2026-08-16T16:00:00Z,1.51,377947815.2365,357347527.6479,1598330432.8234,735403515.468
SOL,2026-08-16T16:00:00Z,2.36,71375394.1673,71979897.4448,251790191.9114,143416371.1673
BTC,2026-08-17T16:00:00Z,1.41,2089154925.1498,2198442256.651,2667824169.6878,4292736851.8151
ETH,2026-08-17T16:00:00Z,1.45,2096437752.8617,2119175948.0395,1601686509.188,4223259308.0826
SOL,2026-08-17T16:00:00Z,2.12,216602931.8053,205042082.5151,251029669.2392,424788936.9458
BTC,2026-08-18T16:00:00Z,1.19,2245039387.7216,2375728380.7061,2758692692.6792,4621246916.312
ETH,2026-08-18T16:00:00Z,1.21,1906796373.6248,1912512961.6798,1581351002.3905,3824955036.2012
SOL,2026-08-18T16:00:00Z,1.56,188811249.9077,197438170.1338,266078179.8784,386522657.3331
BTC,2026-08-19T16:00:00Z,1.11,4398727162.988,5167198591.509,2849033700.569,9570332966.3338
ETH,2026-08-19T16:00:00Z,1.15,4012568238.9154,4594211293.5817,1582903139.0001,8611887052.7664
SOL,2026-08-19T16:00:00Z,1.81,414208136.1492,449885413.6101,280498098.1384,864597783.3854
BTC,2026-08-20T16:00:00Z,1.11,6386539802.5129,6804081118.5368,2881952350.5052,13205566987.4882
ETH,2026-08-20T16:00:00Z,1.19,8584301878.9761,8659176195.2074,1627949872.2437,17293622068.4518
SOL,2026-08-20T16:00:00Z,1.78,628022874.242,654901380.7871,300901108.1748,1285666522.461
BTC,2026-08-21T16:00:00Z,1.13,9089060556.7665,9877703311.5596,2996804849.8298,19054846456.8967
ETH,2026-08-21T16:00:00Z,1.26,6497129261.6017,6763910970.9155,1663899247.5017,13312384986.0439
SOL,2026-08-21T16:00:00Z,2.0,683381261.7204,694543728.6876,298155006.9363,1381170088.4668
BTC,2026-08-22T16:00:00Z,1.15,3833709684.5214,3773837169.7746,2970622957.121,7651877226.9876
ETH,2026-08-22T16:00:00Z,1.28,5789759205.6416,5801769803.6354,1676877098.3972,11682462742.4995
SOL,2026-08-22T16:00:00Z,1.94,959278114.16,947882361.2033,297028838.1957,1923774140.6657
BTC,2026-08-23T16:00:00Z,0.98,2743641128.9455,2658061615.7095,2967726194.7893,5433481681.0103
ETH,2026-08-23T16:00:00Z,1.16,3746395995.0197,3731897322.6444,1690835521.3723,7526521527.4233
SOL,2026-08-23T16:00:00Z,1.9,518674446.2315,509242620.3745,310057868.4392,1031353147.6407
BTC,2026-08-24T16:00:00Z,1.1,4451392543.019,4424489406.1692,2978431287.799,8890598543.3967
ETH,2026-08-24T16:00:00Z,1.24,4965122579.4547,4969074390.8321,1724213419.057,9949074762.8077
SOL,2026-08-24T16:00:00Z,1.7,522355099.4085,510772387.828,312617224.3852,1037240889.2229
BTC,2026-08-25T16:00:00Z,1.09,5301987088.2866,5223300326.8426,2972051342.756,10568495427.3537
ETH,2026-08-25T16:00:00Z,1.25,4352477964.9355,4135818486.4177,1753653813.0141,8523052567.658
SOL,2026-08-25T16:00:00Z,1.78,892285967.9024,893884917.3711,353449925.34,1790481256.9028
BTC,2026-08-26T16:00:00Z,0.97,3276751235.6304,3154303969.8911,2946432137.1844,6452817469.591
ETH,2026-08-26T16:00:00Z,1.19,3243156562.8924,3104158413.56,1758514705.377,6376079830.8646
SOL,2026-08-26T16:00:00Z,1.1,469352794.7857,432426969.1711,334243043.6866,906386418.7834
BTC,2026-08-27T16:00:00Z,1.09,3459587513.4337,3525594464.8264,2950906168.0373,6992170019.6367
ETH,2026-08-27T16:00:00Z,1.25,4488443395.8114,4621158419.5988,1798629784.8439,9126916866.2881
SOL,2026-08-27T16:00:00Z,1.49,982328796.491,1095118665.3009,411000522.794,2079524759.0378
BTC,2026-08-28T16:00:00Z,1.25,4056489035.231,4137357796.235,2890575518.4013,8217201352.5066
ETH,2026-08-28T16:00:00Z,1.47,3904382339.1305,3663340598.7811,1720588261.5094,7589147945.296
SOL,2026-08-28T16:00:00Z,1.65,1061372356.5436,1078762064.1786,386773376.789,2146131039.4221
BTC,2026-08-29T16:00:00Z,1.17,2607634118.9342,2353620972.2558,2896995883.5987,4998910022.0291
ETH,2026-08-29T16:00:00Z,1.3,2268199311.8668,2225559770.0136,1773951068.7871,4527215303.8928
SOL,2026-08-29T16:00:00Z,1.64,469077916.4229,468326704.8054,382901002.9909,941377859.1273
BTC,2026-08-30T16:00:00Z,1.1,1238161933.6839,1293118593.5761,2893889840.0514,2531291178.8595
ETH,2026-08-30T16:00:00Z,1.25,1296409561.7886,1259089110.3123,1814560543.6147,2555533106.6295
SOL,2026-08-30T16:00:00Z,1.79,363298569.4094,367658043.4388,391315942.8168,731410820.174
BTC,2026-08-31T16:00:00Z,1.07,3494360313.2416,3405406710.5205,2839063200.5322,6923035173.9363
ETH,2026-08-31T16:00:00Z,1.17,5101643515.3333,4988378688.1669,1749967040.3547,10150121112.1639
SOL,2026-08-31T16:00:00Z,1.76,771948577.2933,733460017.6522,355032723.9305,1519708906.2141
BTC,2026-09-01T16:00:00Z,1.34,2821641324.9428,2777112094.8954,2854759629.6793,5610147170.075
ETH,2026-09-01T16:00:00Z,1.69,2645645935.0995,2644602332.048,1795892320.7014,5300419522.6073
SOL,2026-09-01T16:00:00Z,1.99,489189642.2081,475365027.7189,361417356.7888,966190443.3002
BTC,2026-09-02T16:00:00Z,1.22,3996616817.1567,3725670498.5522,2957729996.1196,7758115529.2393
ETH,2026-09-02T16:00:00Z,1.58,4876738007.0257,4535351210.4859,1846520260.6258,9463709392.1897
SOL,2026-09-02T16:00:00Z,1.91,650111312.4763,598073603.5614,343405008.8224,1256173267.1632
BTC,2026-09-03T16:00:00Z,0.92,4072318794.1495,4549284629.8433,3059640951.8624,8624374091.2202
ETH,2026-09-03T16:00:00Z,1.16,4055004272.6939,4319878993.0982,1812723165.9564,8382638592.8903
SOL,2026-09-03T16:00:00Z,2.03,627435390.8497,657349110.7477,352969720.2079,1285352519.5037
BTC,2026-09-04T16:00:00Z,1.06,5081009591.4478,5079535830.7426,2885521900.9836,10194212567.3777
ETH,2026-09-04T16:00:00Z,1.46,4894484160.0192,4814507959.3378,1714423850.4618,9757067129.0679
SOL,2026-09-04T16:00:00Z,1.98,644433772.0012,594870609.2248,323849486.8323,1246782995.7677
