symbol,timestamp,funding_rate,realized_rate
BTC-USDT-SWAP,2026-05-25T08:00:00Z,-0.0000101054458323,-0.0000101054458323
SOL-USDT-SWAP,2026-05-25T08:00:00Z,-0.0000335565997579,-0.0000335565997579
BTC-USDT-SWAP,2026-05-25T16:00:00Z,0.0000059773379947,0.0000059773379947
ETH-USDT-SWAP,2026-05-25T16:00:00Z,-0.000004173223397,-0.000004173223397
SOL-USDT-SWAP,2026-05-25T16:00:00Z,0.0000277917744466,0.0000277917744466
BTC-USDT-SWAP,2026-05-26T00:00:00Z,0.000052431413321,0.000052431413321
ETH-USDT-SWAP,2026-05-26T00:00:00Z,0.0000344424927002,0.0000344424927002
SOL-USDT-SWAP,2026-05-26T00:00:00Z,0.0000190222542481,0.0000190222542481
BTC-USDT-SWAP,2026-05-26T08:00:00Z,0.0000201047785825,0.0000201047785825
ETH-USDT-SWAP,2026-05-26T08:00:00Z,0.0000091829229402,0.0000091829229402
SOL-USDT-SWAP,2026-05-26T08:00:00Z,-0.0000977499497832,-0.0000977499497832
BTC-USDT-SWAP,2026-05-26T16:00:00Z,0.0000624817032964,0.0000624817032964
ETH-USDT-SWAP,2026-05-26T16:00:00Z,0.0000387262335233,0.0000387262335233
SOL-USDT-SWAP,2026-05-26T16:00:00Z,0.0000594897304773,0.0000594897304773
BTC-USDT-SWAP,2026-05-27T00:00:00Z,0.0000538321463723,0.0000538321463723
ETH-USDT-SWAP,2026-05-27T00:00:00Z,0.0000893770599704,0.0000893770599704
SOL-USDT-SWAP,2026-05-27T00:00:00Z,-0.0000788369318,-0.0000788369318
BTC-USDT-SWAP,2026-05-27T08:00:00Z,0.0000201365468022,0.0000201365468022
ETH-USDT-SWAP,2026-05-27T08:00:00Z,0.0000466493959959,0.0000466493959959
SOL-USDT-SWAP,2026-05-27T08:00:00Z,-0.0000312415006055,-0.0000312415006055
BTC-USDT-SWAP,2026-05-27T16:00:00Z,0.0001,0.0001
ETH-USDT-SWAP,2026-05-27T16:00:00Z,0.00008108004224,0.00008108004224
SOL-USDT-SWAP,2026-05-27T16:00:00Z,-0.0000326525246315,-0.0000326525246315
BTC-USDT-SWAP,2026-05-28T00:00:00Z,0.000097347204197,0.000097347204197
ETH-USDT-SWAP,2026-05-28T00:00:00Z,0.0001,0.0001
SOL-USDT-SWAP,2026-05-28T00:00:00Z,-0.0000203792577147,-0.0000203792577147
BTC-USDT-SWAP,2026-05-28T08:00:00Z,0.0000901431920054,0.0000901431920054
ETH-USDT-SWAP,2026-05-28T08:00:00Z,0.0000913126215907,0.0000913126215907
SOL-USDT-SWAP,2026-05-28T08:00:00Z,-0.000064986524368,-0.000064986524368
BTC-USDT-SWAP,2026-05-28T16:00:00Z,0.0001,0.0001
ETH-USDT-SWAP,2026-05-28T16:00:00Z,0.0000712397320746,0.0000712397320746
SOL-USDT-SWAP,2026-05-28T16:00:00Z,0.0000181629067913,0.0000181629067913
BTC-USDT-SWAP,2026-05-29T00:00:00Z,0.0000822613661661,0.0000822613661661
ETH-USDT-SWAP,2026-05-29T00:00:00Z,0.0001,0.0001
SOL-USDT-SWAP,2026-05-29T00:00:00Z,0.0000266835209223,0.0000266835209223
BTC-USDT-SWAP,2026-05-29T08:00:00Z,0.0000690249741874,0.0000690249741874
ETH-USDT-SWAP,2026-05-29T08:00:00Z,0.00006019456768,0.00006019456768
SOL-USDT-SWAP,2026-05-29T08:00:00Z,0.0000913472826726,0.0000913472826726
BTC-USDT-SWAP,2026-05-29T16:00:00Z,0.0000504528084404,0.0000504528084404
ETH-USDT-SWAP,2026-05-29T16:00:00Z,0.0000700212118699,0.0000700212118699
SOL-USDT-SWAP,2026-05-29T16:00:00Z,0.0001,0.0001
BTC-USDT-SWAP,2026-05-30T00:00:00Z,0.0000276952137454,0.0000276952137454
ETH-USDT-SWAP,2026-05-30T00:00:00Z,0.0000706597149677,0.0000706597149677
SOL-USDT-SWAP,2026-05-30T00:00:00Z,0.0000982294306469,0.0000982294306469
BTC-USDT-SWAP,2026-05-30T08:00:00Z,0.0000272922964657,0.0000272922964657
ETH-USDT-SWAP,2026-05-30T08:00:00Z,0.0000505646855023,0.0000505646855023
SOL-USDT-SWAP,2026-05-30T08:00:00Z,0.0000859193904397,0.0000859193904397
BTC-USDT-SWAP,2026-05-30T16:00:00Z,0.000013613413701,0.000013613413701
ETH-USDT-SWAP,2026-05-30T16:00:00Z,0.0000416068357482,0.0000416068357482
SOL-USDT-SWAP,2026-05-30T16:00:00Z,0.0000592106384597,0.0000592106384597
BTC-USDT-SWAP,2026-05-31T00:00:00Z,-0.0000026552209543,-0.0000026552209543
ETH-USDT-SWAP,2026-05-31T00:00:00Z,0.0000489583104753,0.0000489583104753
SOL-USDT-SWAP,2026-05-31T00:00:00Z,0.0000374332240856,0.0000374332240856
BTC-USDT-SWAP,2026-05-31T08:00:00Z,-0.0000014934683232,-0.0000014934683232
ETH-USDT-SWAP,2026-05-31T08:00:00Z,0.0000746831344452,0.0000746831344452
SOL-USDT-SWAP,2026-05-31T08:00:00Z,0.0000398438246924,0.0000398438246924
BTC-USDT-SWAP,2026-05-31T16:00:00Z,0.0000219344236021,0.0000219344236021
ETH-USDT-SWAP,2026-05-31T16:00:00Z,0.0000131840824027,0.0000131840824027
SOL-USDT-SWAP,2026-05-31T16:00:00Z,0.0000380971947042,0.0000380971947042
BTC-USDT-SWAP,2026-06-01T00:00:00Z,0.0000466943658692,0.0000466943658692
ETH-USDT-SWAP,2026-06-01T00:00:00Z,0.0001,0.0001
SOL-USDT-SWAP,2026-06-01T00:00:00Z,0.0000774208700977,0.0000774208700977
BTC-USDT-SWAP,2026-06-01T08:00:00Z,0.0000236646806892,0.0000236646806892
ETH-USDT-SWAP,2026-06-01T08:00:00Z,0.0000961547649145,0.0000961547649145
SOL-USDT-SWAP,2026-06-01T08:00:00Z,0.0000359940809967,0.0000359940809967
BTC-USDT-SWAP,2026-06-01T16:00:00Z,0.0001,0.0001
ETH-USDT-SWAP,2026-06-01T16:00:00Z,0.0001,0.0001
SOL-USDT-SWAP,2026-06-01T16:00:00Z,0.0001,0.0001
BTC-USDT-SWAP,2026-06-02T00:00:00Z,0.0001,0.0001
ETH-USDT-SWAP,2026-06-02T00:00:00Z,0.0001,0.0001
SOL-USDT-SWAP,2026-06-02T00:00:00Z,0.0001,0.0001
BTC-USDT-SWAP,2026-06-02T08:00:00Z,0.0001,0.0001
ETH-USDT-SWAP,2026-06-02T08:00:00Z,0.0001,0.0001
SOL-USDT-SWAP,2026-06-02T08:00:00Z,0.0000340508864409,0.0000340508864409
BTC-USDT-SWAP,2026-06-02T16:00:00Z,0.0001,0.0001
ETH-USDT-SWAP,2026-06-02T16:00:00Z,0.0001,0.0001
SOL-USDT-SWAP,2026-06-02T16:00:00Z,0.0000197173234705,0.0000197173234705
BTC-USDT-SWAP,2026-06-03T00:00:00Z,0.0000865678874748,0.0000865678874748
ETH-USDT-SWAP,2026-06-03T00:00:00Z,0.0000519285792029,0.0000519285792029
SOL-USDT-SWAP,2026-06-03T00:00:00Z,-0.0001169560077223,-0.0001169560077223
BTC-USDT-SWAP,2026-06-03T08:00:00Z,0.0000278658186139,0.0000278658186139
ETH-USDT-SWAP,2026-06-03T08:00:00Z,0.0000373100333606,0.0000373100333606
SOL-USDT-SWAP,2026-06-03T08:00:00Z,-0.0000948630177986,-0.0000948630177986
BTC-USDT-SWAP,2026-06-03T16:00:00Z,0.0001,0.0001
ETH-USDT-SWAP,2026-06-03T16:00:00Z,0.0000977192263034,0.0000977192263034
SOL-USDT-SWAP,2026-06-03T16:00:00Z,-0.0000326048406447,-0.0000326048406447
BTC-USDT-SWAP,2026-06-04T00:00:00Z,0.0000987113820589,0.0000987113820589
ETH-USDT-SWAP,2026-06-04T00:00:00Z,0.0000733014954258,0.0000733014954258
SOL-USDT-SWAP,2026-06-04T00:00:00Z,0.0000234639082623,0.0000234639082623
BTC-USDT-SWAP,2026-06-04T08:00:00Z,0.0000209870467977,0.0000209870467977
ETH-USDT-SWAP,2026-06-04T08:00:00Z,0.0000524178493983,0.0000524178493983
SOL-USDT-SWAP,2026-06-04T08:00:00Z,-0.0001008454316779,-0.0001008454316779
BTC-USDT-SWAP,2026-06-04T16:00:00Z,0.0000015995235891,0.0000015995235891
ETH-USDT-SWAP,2026-06-04T16:00:00Z,0.0000441941632716,0.0000441941632716
SOL-USDT-SWAP,2026-06-04T16:00:00Z,-0.0000352194113847,-0.0000352194113847
BTC-USDT-SWAP,2026-06-05T00:00:00Z,0.0000366527172313,0.0000366527172313
ETH-USDT-SWAP,2026-06-05T00:00:00Z,0.0000304503815552,0.0000304503815552
SOL-USDT-SWAP,2026-06-05T00:00:00Z,-0.0000217913772073,-0.0000217913772073
BTC-USDT-SWAP,2026-06-05T08:00:00Z,0.0000206005907985,0.0000206005907985
ETH-USDT-SWAP,2026-06-05T08:00:00Z,0.000026305016458,0.000026305016458
SOL-USDT-SWAP,2026-06-05T08:00:00Z,-0.0001603203761531,-0.0001603203761531
BTC-USDT-SWAP,2026-06-05T16:00:00Z,-0.0000495880636278,-0.0000495880636278
ETH-USDT-SWAP,2026-06-05T16:00:00Z,-0.0001020789452607,-0.0001020789452607
SOL-USDT-SWAP,2026-06-05T16:00:00Z,-0.0000473552911208,-0.0000473552911208
BTC-USDT-SWAP,2026-06-06T00:00:00Z,-0.0000251353994586,-0.0000251353994586
ETH-USDT-SWAP,2026-06-06T00:00:00Z,-0.0001117688446398,-0.0001117688446398
SOL-USDT-SWAP,2026-06-06T00:00:00Z,-0.0000757049242743,-0.0000757049242743
BTC-USDT-SWAP,2026-06-06T08:00:00Z,-0.0000337977745229,-0.0000337977745229
ETH-USDT-SWAP,2026-06-06T08:00:00Z,-0.0001360611924772,-0.0001360611924772
SOL-USDT-SWAP,2026-06-06T08:00:00Z,-0.0001824157510904,-0.0001824157510904
BTC-USDT-SWAP,2026-06-06T16:00:00Z,0.0000052962402562,0.0000052962402562
ETH-USDT-SWAP,2026-06-06T16:00:00Z,-0.0000351155451809,-0.0000351155451809
SOL-USDT-SWAP,2026-06-06T16:00:00Z,-0.0001515730424967,-0.0001515730424967
BTC-USDT-SWAP,2026-06-07T00:00:00Z,-0.000012707252249,-0.000012707252249
ETH-USDT-SWAP,2026-06-07T00:00:00Z,-0.0001101629467678,-0.0001101629467678
SOL-USDT-SWAP,2026-06-07T00:00:00Z,-0.0000696513456342,-0.0000696513456342
BTC-USDT-SWAP,2026-06-07T08:00:00Z,-0.0000781048412537,-0.0000781048412537
ETH-USDT-SWAP,2026-06-07T08:00:00Z,-0.0001405486745272,-0.0001405486745272
SOL-USDT-SWAP,2026-06-07T08:00:00Z,-0.0002568185490001,-0.0002568185490001
BTC-USDT-SWAP,2026-06-07T16:00:00Z,0.0000290588944828,0.0000290588944828
ETH-USDT-SWAP,2026-06-07T16:00:00Z,-0.0001252953547432,-0.0001252953547432
SOL-USDT-SWAP,2026-06-07T16:00:00Z,-0.000355345984207,-0.000355345984207
BTC-USDT-SWAP,2026-06-08T00:00:00Z,0.0000551876461949,0.0000551876461949
ETH-USDT-SWAP,2026-06-08T00:00:00Z,-0.0000253558685591,-0.0000253558685591
SOL-USDT-SWAP,2026-06-08T00:00:00Z,-0.0002693748678384,-0.0002693748678384
BTC-USDT-SWAP,2026-06-08T08:00:00Z,0.0000424550662021,0.0000424550662021
ETH-USDT-SWAP,2026-06-08T08:00:00Z,-0.0000581634780562,-0.0000581634780562
SOL-USDT-SWAP,2026-06-08T08:00:00Z,-0.0001873552965382,-0.0001873552965382
BTC-USDT-SWAP,2026-06-08T16:00:00Z,-0.0000755486509945,-0.0000755486509945
ETH-USDT-SWAP,2026-06-08T16:00:00Z,-0.0000738554551486,-0.0000738554551486
SOL-USDT-SWAP,2026-06-08T16:00:00Z,-0.0000088760975112,-0.0000088760975112
BTC-USDT-SWAP,2026-06-09T00:00:00Z,-0.0000125192203038,-0.0000125192203038
ETH-USDT-SWAP,2026-06-09T00:00:00Z,-0.000150730098245,-0.000150730098245
SOL-USDT-SWAP,2026-06-09T00:00:00Z,-0.0000869241579033,-0.0000869241579033
BTC-USDT-SWAP,2026-06-09T08:00:00Z,-0.0000076999774469,-0.0000076999774469
ETH-USDT-SWAP,2026-06-09T08:00:00Z,-0.0000611167247228,-0.0000611167247228
SOL-USDT-SWAP,2026-06-09T08:00:00Z,-0.0000189039937979,-0.0000189039937979
BTC-USDT-SWAP,2026-06-09T16:00:00Z,0.000036350401157,0.000036350401157
ETH-USDT-SWAP,2026-06-09T16:00:00Z,-0.0000270255467439,-0.0000270255467439
SOL-USDT-SWAP,2026-06-09T16:00:00Z,0.0000303865382714,0.0000303865382714
BTC-USDT-SWAP,2026-06-10T00:00:00Z,0.0000476144458983,0.0000476144458983
ETH-USDT-SWAP,2026-06-10T00:00:00Z,0.0000096430423193,0.0000096430423193
SOL-USDT-SWAP,2026-06-10T00:00:00Z,0.0000717267686131,0.0000717267686131
BTC-USDT-SWAP,2026-06-10T08:00:00Z,-0.0000159316750235,-0.0000159316750235
ETH-USDT-SWAP,2026-06-10T08:00:00Z,-0.0000000281122877,-0.0000000281122877
SOL-USDT-SWAP,2026-06-10T08:00:00Z,0.0000138261953006,0.0000138261953006
BTC-USDT-SWAP,2026-06-10T16:00:00Z,-0.0000087786677452,-0.0000087786677452
ETH-USDT-SWAP,2026-06-10T16:00:00Z,-0.00004882054165,-0.00004882054165
SOL-USDT-SWAP,2026-06-10T16:00:00Z,0.0000324670953305,0.0000324670953305
BTC-USDT-SWAP,2026-06-11T00:00:00Z,-0.0000434625906886,-0.0000434625906886
ETH-USDT-SWAP,2026-06-11T00:00:00Z,-0.0000628871649466,-0.0000628871649466
SOL-USDT-SWAP,2026-06-11T00:00:00Z,-0.0000590174656933,-0.0000590174656933
BTC-USDT-SWAP,2026-06-11T08:00:00Z,-0.0000603239409731,-0.0000603239409731
ETH-USDT-SWAP,2026-06-11T08:00:00Z,-0.00007500844339,-0.00007500844339
SOL-USDT-SWAP,2026-06-11T08:00:00Z,0.0000462258892781,0.0000462258892781
BTC-USDT-SWAP,2026-06-11T16:00:00Z,-0.0000239606392713,-0.0000239606392713
ETH-USDT-SWAP,2026-06-11T16:00:00Z,-0.0000220748470192,-0.0000220748470192
SOL-USDT-SWAP,2026-06-11T16:00:00Z,-0.0000033124734566,-0.0000033124734566
BTC-USDT-SWAP,2026-06-12T00:00:00Z,-0.0000049527169637,-0.0000049527169637
ETH-USDT-SWAP,2026-06-12T00:00:00Z,-0.0000463144464458,-0.0000463144464458
SOL-USDT-SWAP,2026-06-12T00:00:00Z,-0.0000968114599367,-0.0000968114599367
BTC-USDT-SWAP,2026-06-12T08:00:00Z,0.000013381574222,0.000013381574222
ETH-USDT-SWAP,2026-06-12T08:00:00Z,-0.000061289295716,-0.000061289295716
SOL-USDT-SWAP,2026-06-12T08:00:00Z,-0.0001017741646027,-0.0001017741646027
BTC-USDT-SWAP,2026-06-12T16:00:00Z,-0.0000223589457138,-0.0000223589457138
ETH-USDT-SWAP,2026-06-12T16:00:00Z,-0.0000105426347701,-0.0000105426347701
SOL-USDT-SWAP,2026-06-12T16:00:00Z,0.0000095622289416,0.0000095622289416
BTC-USDT-SWAP,2026-06-13T00:00:00Z,0.0000091148532304,0.0000091148532304
ETH-USDT-SWAP,2026-06-13T00:00:00Z,-0.0000139562125418,-0.0000139562125418
SOL-USDT-SWAP,2026-06-13T00:00:00Z,-0.0000658435402433,-0.0000658435402433
BTC-USDT-SWAP,2026-06-13T08:00:00Z,0.0000086943079192,0.0000086943079192
ETH-USDT-SWAP,2026-06-13T08:00:00Z,0.000002569137652,0.000002569137652
SOL-USDT-SWAP,2026-06-13T08:00:00Z,0.0000450224401935,0.0000450224401935
BTC-USDT-SWAP,2026-06-13T16:00:00Z,-0.0000639574741838,-0.0000639574741838
ETH-USDT-SWAP,2026-06-13T16:00:00Z,-0.0000292435576406,-0.0000292435576406
SOL-USDT-SWAP,2026-06-13T16:00:00Z,-0.00004290997293,-0.00004290997293
BTC-USDT-SWAP,2026-06-14T00:00:00Z,-0.000031294023986,-0.000031294023986
ETH-USDT-SWAP,2026-06-14T00:00:00Z,0.0000040341654621,0.0000040341654621
SOL-USDT-SWAP,2026-06-14T00:00:00Z,-0.0001118202062351,-0.0001118202062351
BTC-USDT-SWAP,2026-06-14T08:00:00Z,-0.0000338984808092,-0.0000338984808092
ETH-USDT-SWAP,2026-06-14T08:00:00Z,0.0000025940839627,0.0000025940839627
SOL-USDT-SWAP,2026-06-14T08:00:00Z,-0.0000354669567915,-0.0000354669567915
BTC-USDT-SWAP,2026-06-14T16:00:00Z,-0.0000759112940001,-0.0000759112940001
ETH-USDT-SWAP,2026-06-14T16:00:00Z,0.0000322130449158,0.0000322130449158
SOL-USDT-SWAP,2026-06-14T16:00:00Z,-0.0000320449128752,-0.0000320449128752
BTC-USDT-SWAP,2026-06-15T00:00:00Z,-0.0000583460493709,-0.0000583460493709
ETH-USDT-SWAP,2026-06-15T00:00:00Z,-0.0000148154727363,-0.0000148154727363
SOL-USDT-SWAP,2026-06-15T00:00:00Z,-0.0000816117953241,-0.0000816117953241
BTC-USDT-SWAP,2026-06-15T08:00:00Z,-0.0000689247750096,-0.0000689247750096
ETH-USDT-SWAP,2026-06-15T08:00:00Z,0.0000182601357154,0.0000182601357154
SOL-USDT-SWAP,2026-06-15T08:00:00Z,-0.0000280617027448,-0.0000280617027448
BTC-USDT-SWAP,2026-06-15T16:00:00Z,-0.0000739035810096,-0.0000739035810096
ETH-USDT-SWAP,2026-06-15T16:00:00Z,-0.0000409078153245,-0.0000409078153245
SOL-USDT-SWAP,2026-06-15T16:00:00Z,-0.0000896474150698,-0.0000896474150698
BTC-USDT-SWAP,2026-06-16T00:00:00Z,-0.0000130999107801,-0.0000130999107801
ETH-USDT-SWAP,2026-06-16T00:00:00Z,0.0000147775536339,0.0000147775536339
SOL-USDT-SWAP,2026-06-16T00:00:00Z,0.000031540261669,0.000031540261669
BTC-USDT-SWAP,2026-06-16T08:00:00Z,-0.0000592277212018,-0.0000592277212018
ETH-USDT-SWAP,2026-06-16T08:00:00Z,0.0000021741324592,0.0000021741324592
SOL-USDT-SWAP,2026-06-16T08:00:00Z,-0.0000391021578092,-0.0000391021578092
BTC-USDT-SWAP,2026-06-16T16:00:00Z,-0.0000108643309843,-0.0000108643309843
ETH-USDT-SWAP,2026-06-16T16:00:00Z,0.0000310436405161,0.0000310436405161
SOL-USDT-SWAP,2026-06-16T16:00:00Z,0.0000146462080172,0.0000146462080172
BTC-USDT-SWAP,2026-06-17T00:00:00Z,0.0000359942934559,0.0000359942934559
ETH-USDT-SWAP,2026-06-17T00:00:00Z,0.0000309117993428,0.0000309117993428
SOL-USDT-SWAP,2026-06-17T00:00:00Z,0.0000086311818398,0.0000086311818398
BTC-USDT-SWAP,2026-06-17T08:00:00Z,-0.000024895073548,-0.000024895073548
ETH-USDT-SWAP,2026-06-17T08:00:00Z,0.0000112775535827,0.0000112775535827
SOL-USDT-SWAP,2026-06-17T08:00:00Z,-0.0000079779243916,-0.0000079779243916
BTC-USDT-SWAP,2026-06-17T16:00:00Z,-0.0000342401528489,-0.0000342401528489
ETH-USDT-SWAP,2026-06-17T16:00:00Z,-0.0000047170002475,-0.0000047170002475
SOL-USDT-SWAP,2026-06-17T16:00:00Z,-0.000042120277869,-0.000042120277869
BTC-USDT-SWAP,2026-06-18T00:00:00Z,0.0000049965386896,0.0000049965386896
ETH-USDT-SWAP,2026-06-18T00:00:00Z,0.0000354185339253,0.0000354185339253
SOL-USDT-SWAP,2026-06-18T00:00:00Z,0.0000029590731168,0.0000029590731168
BTC-USDT-SWAP,2026-06-18T08:00:00Z,0.0000271213062112,0.0000271213062112
ETH-USDT-SWAP,2026-06-18T08:00:00Z,0.0000190329683335,0.0000190329683335
SOL-USDT-SWAP,2026-06-18T08:00:00Z,-0.0000387989333161,-0.0000387989333161
BTC-USDT-SWAP,2026-06-18T16:00:00Z,0.000035651907852,0.000035651907852
ETH-USDT-SWAP,2026-06-18T16:00:00Z,0.0000130718888498,0.0000130718888498
SOL-USDT-SWAP,2026-06-18T16:00:00Z,0.000030407453699,0.000030407453699
BTC-USDT-SWAP,2026-06-19T00:00:00Z,0.0000013446105841,0.0000013446105841
ETH-USDT-SWAP,2026-06-19T00:00:00Z,0.0000156322710926,0.0000156322710926
SOL-USDT-SWAP,2026-06-19T00:00:00Z,0.0001,0.0001
BTC-USDT-SWAP,2026-06-19T08:00:00Z,0.0000324496957995,0.0000324496957995
ETH-USDT-SWAP,2026-06-19T08:00:00Z,-0.0000528434479401,-0.0000528434479401
SOL-USDT-SWAP,2026-06-19T08:00:00Z,0.0001,0.0001
BTC-USDT-SWAP,2026-06-19T16:00:00Z,-0.0000049910259435,-0.0000049910259435
ETH-USDT-SWAP,2026-06-19T16:00:00Z,0.0000106138315901,0.0000106138315901
SOL-USDT-SWAP,2026-06-19T16:00:00Z,-0.0000615097749082,-0.0000615097749082
BTC-USDT-SWAP,2026-06-20T00:00:00Z,0.0000205881918658,0.0000205881918658
ETH-USDT-SWAP,2026-06-20T00:00:00Z,-0.000008217112208,-0.000008217112208
SOL-USDT-SWAP,2026-06-20T00:00:00Z,-0.0000060190618069,-0.0000060190618069
BTC-USDT-SWAP,2026-06-20T08:00:00Z,-0.0000188323191508,-0.0000188323191508
ETH-USDT-SWAP,2026-06-20T08:00:00Z,-0.0000009187697818,-0.0000009187697818
SOL-USDT-SWAP,2026-06-20T08:00:00Z,-0.0000118951848813,-0.0000118951848813
BTC-USDT-SWAP,2026-06-20T16:00:00Z,0.0000020836725788,0.0000020836725788
ETH-USDT-SWAP,2026-06-20T16:00:00Z,0.0000099168524694,0.0000099168524694
SOL-USDT-SWAP,2026-06-20T16:00:00Z,0.0000216896145785,0.0000216896145785
BTC-USDT-SWAP,2026-06-21T00:00:00Z,-0.0000088262165972,-0.0000088262165972
ETH-USDT-SWAP,2026-06-21T00:00:00Z,0.0000311233669537,0.0000311233669537
SOL-USDT-SWAP,2026-06-21T00:00:00Z,0.0000417823050265,0.0000417823050265
BTC-USDT-SWAP,2026-06-21T08:00:00Z,-0.000014922291748,-0.000014922291748
ETH-USDT-SWAP,2026-06-21T08:00:00Z,0.000039190692227,0.000039190692227
SOL-USDT-SWAP,2026-06-21T08:00:00Z,0.0000092962287392,0.0000092962287392
BTC-USDT-SWAP,2026-06-21T16:00:00Z,-0.0000119152252366,-0.0000119152252366
ETH-USDT-SWAP,2026-06-21T16:00:00Z,-0.0000017294966874,-0.0000017294966874
SOL-USDT-SWAP,2026-06-21T16:00:00Z,0.0000357262532504,0.0000357262532504
BTC-USDT-SWAP,2026-06-22T00:00:00Z,-0.0000288482815558,-0.0000288482815558
ETH-USDT-SWAP,2026-06-22T00:00:00Z,-0.0000292640132201,-0.0000292640132201
SOL-USDT-SWAP,2026-06-22T00:00:00Z,-0.0000501585581876,-0.0000501585581876
BTC-USDT-SWAP,2026-06-22T08:00:00Z,0.0000287541037749,0.0000287541037749
ETH-USDT-SWAP,2026-06-22T08:00:00Z,0.0000551741548775,0.0000551741548775
SOL-USDT-SWAP,2026-06-22T08:00:00Z,0.000038924472611,0.000038924472611
BTC-USDT-SWAP,2026-06-22T16:00:00Z,0.0000414573501689,0.0000414573501689
ETH-USDT-SWAP,2026-06-22T16:00:00Z,0.0000087330633914,0.0000087330633914
SOL-USDT-SWAP,2026-06-22T16:00:00Z,-0.0000129778724397,-0.0000129778724397
BTC-USDT-SWAP,2026-06-23T00:00:00Z,0.0000486570053437,0.0000486570053437
ETH-USDT-SWAP,2026-06-23T00:00:00Z,0.0000447444157855,0.0000447444157855
SOL-USDT-SWAP,2026-06-23T00:00:00Z,0.0000304143577985,0.0000304143577985
BTC-USDT-SWAP,2026-06-23T08:00:00Z,0.0000106301812452,0.0000106301812452
ETH-USDT-SWAP,2026-06-23T08:00:00Z,0.0000223047769436,0.0000223047769436
SOL-USDT-SWAP,2026-06-23T08:00:00Z,-0.0000142339195247,-0.0000142339195247
BTC-USDT-SWAP,2026-06-23T16:00:00Z,0.0000275155316918,0.0000275155316918
ETH-USDT-SWAP,2026-06-23T16:00:00Z,-0.0000474888324712,-0.0000474888324712
SOL-USDT-SWAP,2026-06-23T16:00:00Z,-0.0001180284117834,-0.0001180284117834
BTC-USDT-SWAP,2026-06-24T00:00:00Z,0.0000259855577951,0.0000259855577951
ETH-USDT-SWAP,2026-06-24T00:00:00Z,0.0000415261451061,0.0000415261451061
SOL-USDT-SWAP,2026-06-24T00:00:00Z,-0.0000927134940708,-0.0000927134940708
BTC-USDT-SWAP,2026-06-24T08:00:00Z,0.0000832808229693,0.0000832808229693
ETH-USDT-SWAP,2026-06-24T08:00:00Z,0.0000187948373415,0.0000187948373415
SOL-USDT-SWAP,2026-06-24T08:00:00Z,-0.0000874494348409,-0.0000874494348409
BTC-USDT-SWAP,2026-06-24T16:00:00Z,0.0000432526539971,0.0000432526539971
ETH-USDT-SWAP,2026-06-24T16:00:00Z,0.0000357666052303,0.0000357666052303
SOL-USDT-SWAP,2026-06-24T16:00:00Z,-0.0000099009294354,-0.0000099009294354
BTC-USDT-SWAP,2026-06-25T00:00:00Z,-0.0000459301184219,-0.0000459301184219
ETH-USDT-SWAP,2026-06-25T00:00:00Z,0.0000430782742388,0.0000430782742388
SOL-USDT-SWAP,2026-06-25T00:00:00Z,-0.000097464495,-0.000097464495
BTC-USDT-SWAP,2026-06-25T08:00:00Z,-0.0000779943959298,-0.0000779943959298
ETH-USDT-SWAP,2026-06-25T08:00:00Z,0.0000007400429038,0.0000007400429038
SOL-USDT-SWAP,2026-06-25T08:00:00Z,-0.000054677598912,-0.000054677598912
BTC-USDT-SWAP,2026-06-25T16:00:00Z,-0.0000344282240539,-0.0000344282240539
ETH-USDT-SWAP,2026-06-25T16:00:00Z,-0.0000617221278092,-0.0000617221278092
SOL-USDT-SWAP,2026-06-25T16:00:00Z,-0.0000357031347886,-0.0000357031347886
BTC-USDT-SWAP,2026-06-26T00:00:00Z,0.0000013441848992,0.0000013441848992
ETH-USDT-SWAP,2026-06-26T00:00:00Z,-0.0000076342772872,-0.0000076342772872
SOL-USDT-SWAP,2026-06-26T00:00:00Z,-0.000012396275047,-0.000012396275047
BTC-USDT-SWAP,2026-06-26T08:00:00Z,0.0000096635297061,0.0000096635297061
ETH-USDT-SWAP,2026-06-26T08:00:00Z,-0.0000338612143513,-0.0000338612143513
SOL-USDT-SWAP,2026-06-26T08:00:00Z,0.0000840402666632,0.0000840402666632
BTC-USDT-SWAP,2026-06-26T16:00:00Z,0.0000820729542149,0.0000820729542149
ETH-USDT-SWAP,2026-06-26T16:00:00Z,-0.0000136249284027,-0.0000136249284027
SOL-USDT-SWAP,2026-06-26T16:00:00Z,0.0000783456302872,0.0000783456302872
BTC-USDT-SWAP,2026-06-27T00:00:00Z,0.0000406267603842,0.0000406267603842
ETH-USDT-SWAP,2026-06-27T00:00:00Z,-0.0000075739969418,-0.0000075739969418
SOL-USDT-SWAP,2026-06-27T00:00:00Z,0.0001,0.0001
BTC-USDT-SWAP,2026-06-27T08:00:00Z,0.000050548856273,0.000050548856273
ETH-USDT-SWAP,2026-06-27T08:00:00Z,-0.0000184404947661,-0.0000184404947661
SOL-USDT-SWAP,2026-06-27T08:00:00Z,0.0000711020586954,0.0000711020586954
BTC-USDT-SWAP,2026-06-27T16:00:00Z,0.0000322701928586,0.0000322701928586
ETH-USDT-SWAP,2026-06-27T16:00:00Z,-0.0000258696051293,-0.0000258696051293
SOL-USDT-SWAP,2026-06-27T16:00:00Z,0.0000336150229854,0.0000336150229854
BTC-USDT-SWAP,2026-06-28T00:00:00Z,0.0000402316180587,0.0000402316180587
ETH-USDT-SWAP,2026-06-28T00:00:00Z,0.0000161023717783,0.0000161023717783
SOL-USDT-SWAP,2026-06-28T00:00:00Z,0.0001,0.0001
BTC-USDT-SWAP,2026-06-28T08:00:00Z,0.0000319959525751,0.0000319959525751
ETH-USDT-SWAP,2026-06-28T08:00:00Z,0.0000052498408861,0.0000052498408861
SOL-USDT-SWAP,2026-06-28T08:00:00Z,0.0000782065129036,0.0000782065129036
BTC-USDT-SWAP,2026-06-28T16:00:00Z,0.0000395436281002,0.0000395436281002
ETH-USDT-SWAP,2026-06-28T16:00:00Z,0.0000295816582727,0.0000295816582727
SOL-USDT-SWAP,2026-06-28T16:00:00Z,0.0000271357000113,0.0000271357000113
BTC-USDT-SWAP,2026-06-29T00:00:00Z,0.0000046598340778,0.0000046598340778
ETH-USDT-SWAP,2026-06-29T00:00:00Z,-0.0000234101770987,-0.0000234101770987
SOL-USDT-SWAP,2026-06-29T00:00:00Z,0.0000004516223718,0.0000004516223718
BTC-USDT-SWAP,2026-06-29T08:00:00Z,0.0000503634854124,0.0000503634854124
ETH-USDT-SWAP,2026-06-29T08:00:00Z,0.0000061876644647,0.0000061876644647
SOL-USDT-SWAP,2026-06-29T08:00:00Z,0.0000573241962428,0.0000573241962428
BTC-USDT-SWAP,2026-06-29T16:00:00Z,0.0000717956019909,0.0000717956019909
ETH-USDT-SWAP,2026-06-29T16:00:00Z,0.0000156100614198,0.0000156100614198
SOL-USDT-SWAP,2026-06-29T16:00:00Z,0.0000838618609042,0.0000838618609042
BTC-USDT-SWAP,2026-06-30T00:00:00Z,0.0000845798622754,0.0000845798622754
ETH-USDT-SWAP,2026-06-30T00:00:00Z,0.0000380240674401,0.0000380240674401
SOL-USDT-SWAP,2026-06-30T00:00:00Z,0.0001,0.0001
BTC-USDT-SWAP,2026-06-30T08:00:00Z,0.0000521934781504,0.0000521934781504
ETH-USDT-SWAP,2026-06-30T08:00:00Z,-0.0000060488193957,-0.0000060488193957
SOL-USDT-SWAP,2026-06-30T08:00:00Z,0.0000955007131301,0.0000955007131301
BTC-USDT-SWAP,2026-06-30T16:00:00Z,0.0000641177716092,0.0000641177716092
ETH-USDT-SWAP,2026-06-30T16:00:00Z,0.0000721824183872,0.0000721824183872
SOL-USDT-SWAP,2026-06-30T16:00:00Z,0.0000683323541449,0.0000683323541449
BTC-USDT-SWAP,2026-07-01T00:00:00Z,0.0000477134731687,0.0000477134731687
ETH-USDT-SWAP,2026-07-01T00:00:00Z,0.0000660988957706,0.0000660988957706
SOL-USDT-SWAP,2026-07-01T00:00:00Z,0.0001,0.0001
BTC-USDT-SWAP,2026-07-01T08:00:00Z,0.0000130447729281,0.0000130447729281
ETH-USDT-SWAP,2026-07-01T08:00:00Z,0.0000303769550576,0.0000303769550576
SOL-USDT-SWAP,2026-07-01T08:00:00Z,0.0000546829089141,0.0000546829089141
BTC-USDT-SWAP,2026-07-01T16:00:00Z,0.0000376950039265,0.0000376950039265
ETH-USDT-SWAP,2026-07-01T16:00:00Z,0.0000090161202807,0.0000090161202807
SOL-USDT-SWAP,2026-07-01T16:00:00Z,0.0000317611151984,0.0000317611151984
BTC-USDT-SWAP,2026-07-02T00:00:00Z,0.000090342275479,0.000090342275479
ETH-USDT-SWAP,2026-07-02T00:00:00Z,0.0000215009551479,0.0000215009551479
SOL-USDT-SWAP,2026-07-02T00:00:00Z,0.000012939408287,0.000012939408287
BTC-USDT-SWAP,2026-07-02T08:00:00Z,0.0001,0.0001
ETH-USDT-SWAP,2026-07-02T08:00:00Z,0.0000607032025056,0.0000607032025056
SOL-USDT-SWAP,2026-07-02T08:00:00Z,-0.0000017739160409,-0.0000017739160409
BTC-USDT-SWAP,2026-07-02T16:00:00Z,0.0000311543020607,0.0000311543020607
ETH-USDT-SWAP,2026-07-02T16:00:00Z,0.0000417278103235,0.0000417278103235
SOL-USDT-SWAP,2026-07-02T16:00:00Z,0.0000826444755759,0.0000826444755759
BTC-USDT-SWAP,2026-07-03T00:00:00Z,0.0001,0.0001
ETH-USDT-SWAP,2026-07-03T00:00:00Z,0.0000367640954252,0.0000367640954252
SOL-USDT-SWAP,2026-07-03T00:00:00Z,0.0000433063071423,0.0000433063071423
BTC-USDT-SWAP,2026-07-03T08:00:00Z,0.0001,0.0001
ETH-USDT-SWAP,2026-07-03T08:00:00Z,0.0000776998564309,0.0000776998564309
SOL-USDT-SWAP,2026-07-03T08:00:00Z,0.0000018158246815,0.0000018158246815
BTC-USDT-SWAP,2026-07-03T16:00:00Z,0.0000538283058701,0.0000538283058701
ETH-USDT-SWAP,2026-07-03T16:00:00Z,0.0000588368007291,0.0000588368007291
SOL-USDT-SWAP,2026-07-03T16:00:00Z,-0.0000055843438794,-0.0000055843438794
BTC-USDT-SWAP,2026-07-04T00:00:00Z,0.0000407757884118,0.0000407757884118
ETH-USDT-SWAP,2026-07-04T00:00:00Z,0.0000724813657104,0.0000724813657104
SOL-USDT-SWAP,2026-07-04T00:00:00Z,0.0001,0.0001
BTC-USDT-SWAP,2026-07-04T08:00:00Z,0.0000608954397873,0.0000608954397873
ETH-USDT-SWAP,2026-07-04T08:00:00Z,0.0000745597493041,0.0000745597493041
SOL-USDT-SWAP,2026-07-04T08:00:00Z,0.0001,0.0001
BTC-USDT-SWAP,2026-07-04T16:00:00Z,0.0000644399138913,0.0000644399138913
ETH-USDT-SWAP,2026-07-04T16:00:00Z,0.0000228901001596,0.0000228901001596
SOL-USDT-SWAP,2026-07-04T16:00:00Z,0.0000417135623585,0.0000417135623585
BTC-USDT-SWAP,2026-07-05T00:00:00Z,0.0001,0.0001
ETH-USDT-SWAP,2026-07-05T00:00:00Z,0.0000968990038946,0.0000968990038946
SOL-USDT-SWAP,2026-07-05T00:00:00Z,0.0000539580287203,0.0000539580287203
BTC-USDT-SWAP,2026-07-05T08:00:00Z,0.0000736099190415,0.0000736099190415
ETH-USDT-SWAP,2026-07-05T08:00:00Z,0.0000703063439524,0.0000703063439524
SOL-USDT-SWAP,2026-07-05T08:00:00Z,0.0000938984297786,0.0000938984297786
BTC-USDT-SWAP,2026-07-05T16:00:00Z,0.0000211483321941,0.0000211483321941
ETH-USDT-SWAP,2026-07-05T16:00:00Z,0.0000563044651547,0.0000563044651547
SOL-USDT-SWAP,2026-07-05T16:00:00Z,-0.0000061859640522,-0.0000061859640522
BTC-USDT-SWAP,2026-07-06T00:00:00Z,0.0000617667680351,0.0000617667680351
ETH-USDT-SWAP,2026-07-06T00:00:00Z,0.0000662427337674,0.0000662427337674
SOL-USDT-SWAP,2026-07-06T00:00:00Z,0.0000801515460382,0.0000801515460382
BTC-USDT-SWAP,2026-07-06T08:00:00Z,0.000098247928749,0.000098247928749
ETH-USDT-SWAP,2026-07-06T08:00:00Z,0.0000610400190784,0.0000610400190784
SOL-USDT-SWAP,2026-07-06T08:00:00Z,0.0000979129377572,0.0000979129377572
BTC-USDT-SWAP,2026-07-06T16:00:00Z,0.0000435732937955,0.0000435732937955
ETH-USDT-SWAP,2026-07-06T16:00:00Z,0.0000494066073094,0.0000494066073094
SOL-USDT-SWAP,2026-07-06T16:00:00Z,0.0000092055257644,0.0000092055257644
BTC-USDT-SWAP,2026-07-07T00:00:00Z,0.0001,0.0001
ETH-USDT-SWAP,2026-07-07T00:00:00Z,0.0000925998620273,0.0000925998620273
SOL-USDT-SWAP,2026-07-07T00:00:00Z,0.0000615475511772,0.0000615475511772
BTC-USDT-SWAP,2026-07-07T08:00:00Z,0.0000678140695912,0.0000678140695912
ETH-USDT-SWAP,2026-07-07T08:00:00Z,0.0000526322924488,0.0000526322924488
SOL-USDT-SWAP,2026-07-07T08:00:00Z,-0.0000006741639894,-0.0000006741639894
BTC-USDT-SWAP,2026-07-07T16:00:00Z,0.0000589596545996,0.0000589596545996
ETH-USDT-SWAP,2026-07-07T16:00:00Z,0.0000354451387017,0.0000354451387017
SOL-USDT-SWAP,2026-07-07T16:00:00Z,-0.0000224522675995,-0.0000224522675995
BTC-USDT-SWAP,2026-07-08T00:00:00Z,0.0000568819916406,0.0000568819916406
ETH-USDT-SWAP,2026-07-08T00:00:00Z,0.0000456793237861,0.0000456793237861
SOL-USDT-SWAP,2026-07-08T00:00:00Z,-0.0000257094992987,-0.0000257094992987
BTC-USDT-SWAP,2026-07-08T08:00:00Z,0.0000444623992899,0.0000444623992899
ETH-USDT-SWAP,2026-07-08T08:00:00Z,0.0000293051602703,0.0000293051602703
SOL-USDT-SWAP,2026-07-08T08:00:00Z,0.0001,0.0001
BTC-USDT-SWAP,2026-07-08T16:00:00Z,0.0000851580031502,0.0000851580031502
ETH-USDT-SWAP,2026-07-08T16:00:00Z,0.0000804853240237,0.0000804853240237
SOL-USDT-SWAP,2026-07-08T16:00:00Z,0.0000780603174802,0.0000780603174802
BTC-USDT-SWAP,2026-07-09T00:00:00Z,0.0000723410745506,0.0000723410745506
ETH-USDT-SWAP,2026-07-09T00:00:00Z,0.0000270502736983,0.0000270502736983
SOL-USDT-SWAP,2026-07-09T00:00:00Z,0.0000623189618487,0.0000623189618487
BTC-USDT-SWAP,2026-07-09T08:00:00Z,0.0000013105775059,0.0000013105775059
ETH-USDT-SWAP,2026-07-09T08:00:00Z,-0.0000086390853462,-0.0000086390853462
SOL-USDT-SWAP,2026-07-09T08:00:00Z,-0.0000092214326943,-0.0000092214326943
BTC-USDT-SWAP,2026-07-09T16:00:00Z,0.0000351830663184,0.0000351830663184
ETH-USDT-SWAP,2026-07-09T16:00:00Z,0.0000421208700726,0.0000421208700726
SOL-USDT-SWAP,2026-07-09T16:00:00Z,0.0000376987252731,0.0000376987252731
BTC-USDT-SWAP,2026-07-10T00:00:00Z,0.0000732355162048,0.0000732355162048
ETH-USDT-SWAP,2026-07-10T00:00:00Z,0.0000288771231982,0.0000288771231982
SOL-USDT-SWAP,2026-07-10T00:00:00Z,0.0000330794339057,0.0000330794339057
BTC-USDT-SWAP,2026-07-10T08:00:00Z,0.0000840924532537,0.0000840924532537
ETH-USDT-SWAP,2026-07-10T08:00:00Z,0.0000503523904176,0.0000503523904176
SOL-USDT-SWAP,2026-07-10T08:00:00Z,0.0000252332351459,0.0000252332351459
BTC-USDT-SWAP,2026-07-10T16:00:00Z,0.0000754950605994,0.0000754950605994
ETH-USDT-SWAP,2026-07-10T16:00:00Z,-0.0000021531631174,-0.0000021531631174
SOL-USDT-SWAP,2026-07-10T16:00:00Z,0.0000402781317974,0.0000402781317974
BTC-USDT-SWAP,2026-07-11T00:00:00Z,0.0000822511513621,0.0000822511513621
ETH-USDT-SWAP,2026-07-11T00:00:00Z,0.0000310694109403,0.0000310694109403
SOL-USDT-SWAP,2026-07-11T00:00:00Z,0.0000199242097831,0.0000199242097831
BTC-USDT-SWAP,2026-07-11T08:00:00Z,-0.0000215211796162,-0.0000215211796162
ETH-USDT-SWAP,2026-07-11T08:00:00Z,-0.0000321065333534,-0.0000321065333534
SOL-USDT-SWAP,2026-07-11T08:00:00Z,-0.0000109591321779,-0.0000109591321779
BTC-USDT-SWAP,2026-07-11T16:00:00Z,0.000034033691268,0.000034033691268
ETH-USDT-SWAP,2026-07-11T16:00:00Z,-0.0000105100711028,-0.0000105100711028
SOL-USDT-SWAP,2026-07-11T16:00:00Z,0.0000161588081587,0.0000161588081587
BTC-USDT-SWAP,2026-07-12T00:00:00Z,0.0000665193799449,0.0000665193799449
ETH-USDT-SWAP,2026-07-12T00:00:00Z,-0.0000305826141828,-0.0000305826141828
SOL-USDT-SWAP,2026-07-12T00:00:00Z,0.0000405881953713,0.0000405881953713
BTC-USDT-SWAP,2026-07-12T08:00:00Z,0.0000627690257703,0.0000627690257703
ETH-USDT-SWAP,2026-07-12T08:00:00Z,-0.0000180494264056,-0.0000180494264056
SOL-USDT-SWAP,2026-07-12T08:00:00Z,0.0000060953767461,0.0000060953767461
BTC-USDT-SWAP,2026-07-12T16:00:00Z,0.0000564601192152,0.0000564601192152
ETH-USDT-SWAP,2026-07-12T16:00:00Z,-0.0000149280788989,-0.0000149280788989
SOL-USDT-SWAP,2026-07-12T16:00:00Z,0.0000361792264291,0.0000361792264291
BTC-USDT-SWAP,2026-07-13T00:00:00Z,0.0000670987512867,0.0000670987512867
ETH-USDT-SWAP,2026-07-13T00:00:00Z,-0.000019284312303,-0.000019284312303
SOL-USDT-SWAP,2026-07-13T00:00:00Z,-0.0000046948413765,-0.0000046948413765
BTC-USDT-SWAP,2026-07-13T08:00:00Z,0.0000070183139456,0.0000070183139456
ETH-USDT-SWAP,2026-07-13T08:00:00Z,0.0000573308230271,0.0000573308230271
SOL-USDT-SWAP,2026-07-13T08:00:00Z,-0.0000483611580027,-0.0000483611580027
BTC-USDT-SWAP,2026-07-13T16:00:00Z,0.0000885517560254,0.0000885517560254
ETH-USDT-SWAP,2026-07-13T16:00:00Z,-0.0000038104382994,-0.0000038104382994
SOL-USDT-SWAP,2026-07-13T16:00:00Z,0.0000916666267123,0.0000916666267123
BTC-USDT-SWAP,2026-07-14T00:00:00Z,0.0000666043492605,0.0000666043492605
ETH-USDT-SWAP,2026-07-14T00:00:00Z,0.0000123850005236,0.0000123850005236
SOL-USDT-SWAP,2026-07-14T00:00:00Z,0.00001727032654,0.00001727032654
BTC-USDT-SWAP,2026-07-14T08:00:00Z,0.0000156977471317,0.0000156977471317
ETH-USDT-SWAP,2026-07-14T08:00:00Z,0.0000005010183463,0.0000005010183463
SOL-USDT-SWAP,2026-07-14T08:00:00Z,0.0000357341308476,0.0000357341308476
BTC-USDT-SWAP,2026-07-14T16:00:00Z,0.0000799498182818,0.0000799498182818
ETH-USDT-SWAP,2026-07-14T16:00:00Z,0.0000438677177839,0.0000438677177839
SOL-USDT-SWAP,2026-07-14T16:00:00Z,0.0000472873345597,0.0000472873345597
BTC-USDT-SWAP,2026-07-15T00:00:00Z,0.0001,0.0001
ETH-USDT-SWAP,2026-07-15T00:00:00Z,0.0000072200760681,0.0000072200760681
SOL-USDT-SWAP,2026-07-15T00:00:00Z,0.0000508965727959,0.0000508965727959
BTC-USDT-SWAP,2026-07-15T08:00:00Z,0.0001,0.0001
ETH-USDT-SWAP,2026-07-15T08:00:00Z,0.0000609661220377,0.0000609661220377
SOL-USDT-SWAP,2026-07-15T08:00:00Z,0.0000331511415222,0.0000331511415222
BTC-USDT-SWAP,2026-07-15T16:00:00Z,0.0000295691248966,0.0000295691248966
ETH-USDT-SWAP,2026-07-15T16:00:00Z,0.0000275465227283,0.0000275465227283
SOL-USDT-SWAP,2026-07-15T16:00:00Z,-0.0000027531094504,-0.0000027531094504
BTC-USDT-SWAP,2026-07-16T00:00:00Z,0.0000811290335628,0.0000811290335628
ETH-USDT-SWAP,2026-07-16T00:00:00Z,0.0000408086469783,0.0000408086469783
SOL-USDT-SWAP,2026-07-16T00:00:00Z,0.0000452474591039,0.0000452474591039
BTC-USDT-SWAP,2026-07-16T08:00:00Z,0.0000378071378877,0.0000378071378877
ETH-USDT-SWAP,2026-07-16T08:00:00Z,0.0000761611320942,0.0000761611320942
SOL-USDT-SWAP,2026-07-16T08:00:00Z,0.0000158122771276,0.0000158122771276
BTC-USDT-SWAP,2026-07-16T16:00:00Z,0.00001498971488,0.00001498971488
ETH-USDT-SWAP,2026-07-16T16:00:00Z,0.0000366753143679,0.0000366753143679
SOL-USDT-SWAP,2026-07-16T16:00:00Z,0.0000142553529269,0.0000142553529269
BTC-USDT-SWAP,2026-07-17T00:00:00Z,0.000053773733806,0.000053773733806
ETH-USDT-SWAP,2026-07-17T00:00:00Z,0.000068512360485,0.000068512360485
SOL-USDT-SWAP,2026-07-17T00:00:00Z,0.0000198304893722,0.0000198304893722
BTC-USDT-SWAP,2026-07-17T08:00:00Z,0.0000295604398968,0.0000295604398968
ETH-USDT-SWAP,2026-07-17T08:00:00Z,0.0000677113654724,0.0000677113654724
SOL-USDT-SWAP,2026-07-17T08:00:00Z,0.0000589275547964,0.0000589275547964
BTC-USDT-SWAP,2026-07-17T16:00:00Z,0.0000546348466336,0.0000546348466336
ETH-USDT-SWAP,2026-07-17T16:00:00Z,0.0000369963698486,0.0000369963698486
SOL-USDT-SWAP,2026-07-17T16:00:00Z,0.0000251355142364,0.0000251355142364
BTC-USDT-SWAP,2026-07-18T00:00:00Z,0.0000380167412203,0.0000380167412203
ETH-USDT-SWAP,2026-07-18T00:00:00Z,-0.0000295985967298,-0.0000295985967298
SOL-USDT-SWAP,2026-07-18T00:00:00Z,-0.0000039121509588,-0.0000039121509588
BTC-USDT-SWAP,2026-07-18T08:00:00Z,0.0000507952841494,0.0000507952841494
ETH-USDT-SWAP,2026-07-18T08:00:00Z,-0.0000301450665353,-0.0000301450665353
SOL-USDT-SWAP,2026-07-18T08:00:00Z,0.0000340606675706,0.0000340606675706
BTC-USDT-SWAP,2026-07-18T16:00:00Z,0.0000863693379528,0.0000863693379528
ETH-USDT-SWAP,2026-07-18T16:00:00Z,0.0000086559930819,0.0000086559930819
SOL-USDT-SWAP,2026-07-18T16:00:00Z,0.000005806502525,0.000005806502525
BTC-USDT-SWAP,2026-07-19T00:00:00Z,0.0000166804274372,0.0000166804274372
ETH-USDT-SWAP,2026-07-19T00:00:00Z,-0.0000258329348864,-0.0000258329348864
SOL-USDT-SWAP,2026-07-19T00:00:00Z,0.0000441412795575,0.0000441412795575
BTC-USDT-SWAP,2026-07-19T08:00:00Z,0.0000594778872743,0.0000594778872743
ETH-USDT-SWAP,2026-07-19T08:00:00Z,0.0000125871505438,0.0000125871505438
SOL-USDT-SWAP,2026-07-19T08:00:00Z,0.0000533458419241,0.0000533458419241
BTC-USDT-SWAP,2026-07-19T16:00:00Z,0.0000422130855567,0.0000422130855567
ETH-USDT-SWAP,2026-07-19T16:00:00Z,0.0000674808766784,0.0000674808766784
SOL-USDT-SWAP,2026-07-19T16:00:00Z,0.0000640058534465,0.0000640058534465
BTC-USDT-SWAP,2026-07-20T00:00:00Z,0.0000149115311815,0.0000149115311815
ETH-USDT-SWAP,2026-07-20T00:00:00Z,0.0000148006644307,0.0000148006644307
SOL-USDT-SWAP,2026-07-20T00:00:00Z,0.0000175889383948,0.0000175889383948
BTC-USDT-SWAP,2026-07-20T08:00:00Z,-0.0000010642569389,-0.0000010642569389
ETH-USDT-SWAP,2026-07-20T08:00:00Z,-0.0000022207834139,-0.0000022207834139
SOL-USDT-SWAP,2026-07-20T08:00:00Z,-0.0000327828670199,-0.0000327828670199
BTC-USDT-SWAP,2026-07-20T16:00:00Z,0.0000151065561787,0.0000151065561787
ETH-USDT-SWAP,2026-07-20T16:00:00Z,-0.0000059409107398,-0.0000059409107398
SOL-USDT-SWAP,2026-07-20T16:00:00Z,0.0000146632206401,0.0000146632206401
BTC-USDT-SWAP,2026-07-21T00:00:00Z,0.0000078604607579,0.0000078604607579
ETH-USDT-SWAP,2026-07-21T00:00:00Z,0.0000158882774007,0.0000158882774007
SOL-USDT-SWAP,2026-07-21T00:00:00Z,0.0000483693175801,0.0000483693175801
BTC-USDT-SWAP,2026-07-21T08:00:00Z,0.0000170667772237,0.0000170667772237
ETH-USDT-SWAP,2026-07-21T08:00:00Z,-0.0000445163079178,-0.0000445163079178
SOL-USDT-SWAP,2026-07-21T08:00:00Z,0.0000765835076216,0.0000765835076216
BTC-USDT-SWAP,2026-07-21T16:00:00Z,-0.0000386532726688,-0.0000386532726688
ETH-USDT-SWAP,2026-07-21T16:00:00Z,-0.0000008448823037,-0.0000008448823037
SOL-USDT-SWAP,2026-07-21T16:00:00Z,0.0000375097075199,0.0000375097075199
BTC-USDT-SWAP,2026-07-22T00:00:00Z,0.0000645951712624,0.0000645951712624
ETH-USDT-SWAP,2026-07-22T00:00:00Z,-0.0000308424179407,-0.0000308424179407
SOL-USDT-SWAP,2026-07-22T00:00:00Z,0.0000377465962791,0.0000377465962791
BTC-USDT-SWAP,2026-07-22T08:00:00Z,-0.0000046095462073,-0.0000046095462073
ETH-USDT-SWAP,2026-07-22T08:00:00Z,-0.0000255962269609,-0.0000255962269609
SOL-USDT-SWAP,2026-07-22T08:00:00Z,-0.0000549337115225,-0.0000549337115225
BTC-USDT-SWAP,2026-07-22T16:00:00Z,0.0000072341658587,0.0000072341658587
ETH-USDT-SWAP,2026-07-22T16:00:00Z,-0.0000140415231133,-0.0000140415231133
SOL-USDT-SWAP,2026-07-22T16:00:00Z,0.0000557094298752,0.0000557094298752
BTC-USDT-SWAP,2026-07-23T00:00:00Z,0.0000345300865541,0.0000345300865541
ETH-USDT-SWAP,2026-07-23T00:00:00Z,0.0000003843646923,0.0000003843646923
SOL-USDT-SWAP,2026-07-23T00:00:00Z,0.0000246977351926,0.0000246977351926
BTC-USDT-SWAP,2026-07-23T08:00:00Z,-0.0000333148169405,-0.0000333148169405
ETH-USDT-SWAP,2026-07-23T08:00:00Z,0.0000089193515735,0.0000089193515735
SOL-USDT-SWAP,2026-07-23T08:00:00Z,-0.0000330360675055,-0.0000330360675055
BTC-USDT-SWAP,2026-07-23T16:00:00Z,0.0000309437083436,0.0000309437083436
ETH-USDT-SWAP,2026-07-23T16:00:00Z,-0.0000006869855277,-0.0000006869855277
SOL-USDT-SWAP,2026-07-23T16:00:00Z,-0.000014966763726,-0.000014966763726
BTC-USDT-SWAP,2026-07-24T00:00:00Z,0.000000146168809,0.000000146168809
ETH-USDT-SWAP,2026-07-24T00:00:00Z,-0.0000365408707853,-0.0000365408707853
SOL-USDT-SWAP,2026-07-24T00:00:00Z,-0.0000181706191068,-0.0000181706191068
BTC-USDT-SWAP,2026-07-24T08:00:00Z,-0.0000083475733975,-0.0000083475733975
ETH-USDT-SWAP,2026-07-24T08:00:00Z,-0.0000527169993112,-0.0000527169993112
SOL-USDT-SWAP,2026-07-24T08:00:00Z,0.0000214782886459,0.0000214782886459
BTC-USDT-SWAP,2026-07-24T16:00:00Z,0.0000463556429945,0.0000463556429945
ETH-USDT-SWAP,2026-07-24T16:00:00Z,0.0000449126092244,0.0000449126092244
SOL-USDT-SWAP,2026-07-24T16:00:00Z,0.0000020611099954,0.0000020611099954
BTC-USDT-SWAP,2026-07-25T00:00:00Z,0.0000297244816893,0.0000297244816893
ETH-USDT-SWAP,2026-07-25T00:00:00Z,0.0000199106359241,0.0000199106359241
SOL-USDT-SWAP,2026-07-25T00:00:00Z,-0.0000178709335935,-0.0000178709335935
BTC-USDT-SWAP,2026-07-25T08:00:00Z,0.0000285540115723,0.0000285540115723
ETH-USDT-SWAP,2026-07-25T08:00:00Z,0.000063860019022,0.000063860019022
SOL-USDT-SWAP,2026-07-25T08:00:00Z,-0.0000549382509121,-0.0000549382509121
BTC-USDT-SWAP,2026-07-25T16:00:00Z,-0.0000019531187263,-0.0000019531187263
ETH-USDT-SWAP,2026-07-25T16:00:00Z,0.0000330618818075,0.0000330618818075
SOL-USDT-SWAP,2026-07-25T16:00:00Z,-0.0000189667466227,-0.0000189667466227
BTC-USDT-SWAP,2026-07-26T00:00:00Z,0.0000404469961172,0.0000404469961172
ETH-USDT-SWAP,2026-07-26T00:00:00Z,0.0000129977466092,0.0000129977466092
SOL-USDT-SWAP,2026-07-26T00:00:00Z,0.0000298114861387,0.0000298114861387
BTC-USDT-SWAP,2026-07-26T08:00:00Z,0.0000291130085216,0.0000291130085216
ETH-USDT-SWAP,2026-07-26T08:00:00Z,0.0000212251466303,0.0000212251466303
SOL-USDT-SWAP,2026-07-26T08:00:00Z,0.0000505518516348,0.0000505518516348
BTC-USDT-SWAP,2026-07-26T16:00:00Z,0.0000107069213573,0.0000107069213573
ETH-USDT-SWAP,2026-07-26T16:00:00Z,0.0000220730758221,0.0000220730758221
SOL-USDT-SWAP,2026-07-26T16:00:00Z,0.0000135212663039,0.0000135212663039
BTC-USDT-SWAP,2026-07-27T00:00:00Z,0.0000756427045204,0.0000756427045204
ETH-USDT-SWAP,2026-07-27T00:00:00Z,0.000051883489743,0.000051883489743
SOL-USDT-SWAP,2026-07-27T00:00:00Z,0.0000378263085441,0.0000378263085441
BTC-USDT-SWAP,2026-07-27T08:00:00Z,0.0000525092874623,0.0000525092874623
ETH-USDT-SWAP,2026-07-27T08:00:00Z,0.0000280698073452,0.0000280698073452
SOL-USDT-SWAP,2026-07-27T08:00:00Z,0.0001,0.0001
BTC-USDT-SWAP,2026-07-27T16:00:00Z,0.0000228280571175,0.0000228280571175
ETH-USDT-SWAP,2026-07-27T16:00:00Z,0.0000045289516199,0.0000045289516199
SOL-USDT-SWAP,2026-07-27T16:00:00Z,0.0000165386439338,0.0000165386439338
BTC-USDT-SWAP,2026-07-28T00:00:00Z,0.0000242408062139,0.0000242408062139
ETH-USDT-SWAP,2026-07-28T00:00:00Z,0.0000049488462759,0.0000049488462759
SOL-USDT-SWAP,2026-07-28T00:00:00Z,-0.0000169865372845,-0.0000169865372845
BTC-USDT-SWAP,2026-07-28T08:00:00Z,-0.0000191622586045,-0.0000191622586045
ETH-USDT-SWAP,2026-07-28T08:00:00Z,-0.0000122022483673,-0.0000122022483673
SOL-USDT-SWAP,2026-07-28T08:00:00Z,-0.0000830905550456,-0.0000830905550456
BTC-USDT-SWAP,2026-07-28T16:00:00Z,0.0000217766318961,0.0000217766318961
ETH-USDT-SWAP,2026-07-28T16:00:00Z,-0.0000068647534945,-0.0000068647534945
SOL-USDT-SWAP,2026-07-28T16:00:00Z,-0.0000285654361033,-0.0000285654361033
BTC-USDT-SWAP,2026-07-29T00:00:00Z,0.0000630482846255,0.0000630482846255
ETH-USDT-SWAP,2026-07-29T00:00:00Z,0.0000168559808199,0.0000168559808199
SOL-USDT-SWAP,2026-07-29T00:00:00Z,0.0000025059954769,0.0000025059954769
BTC-USDT-SWAP,2026-07-29T08:00:00Z,0.0000296713694924,0.0000296713694924
ETH-USDT-SWAP,2026-07-29T08:00:00Z,0.0000165477485,0.0000165477485
SOL-USDT-SWAP,2026-07-29T08:00:00Z,-0.0000276224091546,-0.0000276224091546
BTC-USDT-SWAP,2026-07-29T16:00:00Z,0.0000832522231396,0.0000832522231396
ETH-USDT-SWAP,2026-07-29T16:00:00Z,-0.000008563046805,-0.000008563046805
SOL-USDT-SWAP,2026-07-29T16:00:00Z,-0.0000409062772167,-0.0000409062772167
BTC-USDT-SWAP,2026-07-30T00:00:00Z,0.0000404338305763,0.0000404338305763
ETH-USDT-SWAP,2026-07-30T00:00:00Z,0.0000405143713341,0.0000405143713341
SOL-USDT-SWAP,2026-07-30T00:00:00Z,0.0000280438044348,0.0000280438044348
BTC-USDT-SWAP,2026-07-30T08:00:00Z,0.0000962099627254,0.0000962099627254
ETH-USDT-SWAP,2026-07-30T08:00:00Z,0.0000240826545597,0.0000240826545597
SOL-USDT-SWAP,2026-07-30T08:00:00Z,0.0000054263570109,0.0000054263570109
BTC-USDT-SWAP,2026-07-30T16:00:00Z,0.0000654209108987,0.0000654209108987
ETH-USDT-SWAP,2026-07-30T16:00:00Z,0.0000197473818978,0.0000197473818978
SOL-USDT-SWAP,2026-07-30T16:00:00Z,-0.0000007706707639,-0.0000007706707639
BTC-USDT-SWAP,2026-07-31T00:00:00Z,0.000083718938775,0.000083718938775
ETH-USDT-SWAP,2026-07-31T00:00:00Z,0.0000237493300502,0.0000237493300502
SOL-USDT-SWAP,2026-07-31T00:00:00Z,0.0000261601743675,0.0000261601743675
BTC-USDT-SWAP,2026-07-31T08:00:00Z,0.0000614627349266,0.0000614627349266
ETH-USDT-SWAP,2026-07-31T08:00:00Z,0.0000386844546564,0.0000386844546564
SOL-USDT-SWAP,2026-07-31T08:00:00Z,0.0000487684162663,0.0000487684162663
BTC-USDT-SWAP,2026-07-31T16:00:00Z,0.0000852982373885,0.0000852982373885
ETH-USDT-SWAP,2026-07-31T16:00:00Z,0.0000176944057637,0.0000176944057637
SOL-USDT-SWAP,2026-07-31T16:00:00Z,0.0000319124565505,0.0000319124565505
BTC-USDT-SWAP,2026-08-01T00:00:00Z,0.0000539822210069,0.0000539822210069
ETH-USDT-SWAP,2026-08-01T00:00:00Z,-0.0000156100214736,-0.0000156100214736
SOL-USDT-SWAP,2026-08-01T00:00:00Z,0.0000362617103668,0.0000362617103668
BTC-USDT-SWAP,2026-08-01T08:00:00Z,0.0000258948940129,0.0000258948940129
ETH-USDT-SWAP,2026-08-01T08:00:00Z,-0.0000072516357667,-0.0000072516357667
SOL-USDT-SWAP,2026-08-01T08:00:00Z,0.0001,0.0001
BTC-USDT-SWAP,2026-08-01T16:00:00Z,-0.0000167608519619,-0.0000167608519619
ETH-USDT-SWAP,2026-08-01T16:00:00Z,0.0000084312481241,0.0000084312481241
SOL-USDT-SWAP,2026-08-01T16:00:00Z,0.0000403046470442,0.0000403046470442
BTC-USDT-SWAP,2026-08-02T00:00:00Z,0.000003932477315,0.000003932477315
ETH-USDT-SWAP,2026-08-02T00:00:00Z,-0.0000021638887569,-0.0000021638887569
SOL-USDT-SWAP,2026-08-02T00:00:00Z,-0.0001033461170114,-0.0001033461170114
BTC-USDT-SWAP,2026-08-02T08:00:00Z,0.0000386614321009,0.0000386614321009
ETH-USDT-SWAP,2026-08-02T08:00:00Z,0.0000090890955266,0.0000090890955266
SOL-USDT-SWAP,2026-08-02T08:00:00Z,0.000044373479021,0.000044373479021
BTC-USDT-SWAP,2026-08-02T16:00:00Z,0.0000145842068056,0.0000145842068056
ETH-USDT-SWAP,2026-08-02T16:00:00Z,-0.000013308240259,-0.000013308240259
SOL-USDT-SWAP,2026-08-02T16:00:00Z,0.0000002935222337,0.0000002935222337
BTC-USDT-SWAP,2026-08-03T00:00:00Z,0.0000465977825645,0.0000465977825645
ETH-USDT-SWAP,2026-08-03T00:00:00Z,-0.0000024670933644,-0.0000024670933644
SOL-USDT-SWAP,2026-08-03T00:00:00Z,0.0000366005386813,0.0000366005386813
BTC-USDT-SWAP,2026-08-03T08:00:00Z,0.0000559014076037,0.0000559014076037
ETH-USDT-SWAP,2026-08-03T08:00:00Z,0.000008909416699,0.000008909416699
SOL-USDT-SWAP,2026-08-03T08:00:00Z,-0.0000116964101864,-0.0000116964101864
BTC-USDT-SWAP,2026-08-03T16:00:00Z,0.0000093903184464,0.0000093903184464
ETH-USDT-SWAP,2026-08-03T16:00:00Z,0.0000133384481188,0.0000133384481188
SOL-USDT-SWAP,2026-08-03T16:00:00Z,0.0000474492148862,0.0000474492148862
BTC-USDT-SWAP,2026-08-04T00:00:00Z,0.000020744694233,0.000020744694233
ETH-USDT-SWAP,2026-08-04T00:00:00Z,-0.0000063556808055,-0.0000063556808055
SOL-USDT-SWAP,2026-08-04T00:00:00Z,0.0000575369715802,0.0000575369715802
BTC-USDT-SWAP,2026-08-04T08:00:00Z,0.0000765568315504,0.0000765568315504
ETH-USDT-SWAP,2026-08-04T08:00:00Z,0.000038280633343,0.000038280633343
SOL-USDT-SWAP,2026-08-04T08:00:00Z,0.0001,0.0001
BTC-USDT-SWAP,2026-08-04T16:00:00Z,0.0000861606534537,0.0000861606534537
ETH-USDT-SWAP,2026-08-04T16:00:00Z,-0.000016037630656,-0.000016037630656
SOL-USDT-SWAP,2026-08-04T16:00:00Z,0.0000868371878939,0.0000868371878939
BTC-USDT-SWAP,2026-08-05T00:00:00Z,0.0000247201823115,0.0000247201823115
ETH-USDT-SWAP,2026-08-05T00:00:00Z,-0.0000452013035251,-0.0000452013035251
SOL-USDT-SWAP,2026-08-05T00:00:00Z,0.0000614382973877,0.0000614382973877
BTC-USDT-SWAP,2026-08-05T08:00:00Z,0.0000583548644242,0.0000583548644242
ETH-USDT-SWAP,2026-08-05T08:00:00Z,0.0000170820629493,0.0000170820629493
SOL-USDT-SWAP,2026-08-05T08:00:00Z,0.0000615028205225,0.0000615028205225
BTC-USDT-SWAP,2026-08-05T16:00:00Z,-0.0000126370128981,-0.0000126370128981
ETH-USDT-SWAP,2026-08-05T16:00:00Z,-0.0000203682277445,-0.0000203682277445
SOL-USDT-SWAP,2026-08-05T16:00:00Z,0.0000450988865389,0.0000450988865389
BTC-USDT-SWAP,2026-08-06T00:00:00Z,0.0000678768004445,0.0000678768004445
ETH-USDT-SWAP,2026-08-06T00:00:00Z,0.0000718973766562,0.0000718973766562
SOL-USDT-SWAP,2026-08-06T00:00:00Z,0.0000469331134262,0.0000469331134262
BTC-USDT-SWAP,2026-08-06T08:00:00Z,0.0000641484120459,0.0000641484120459
ETH-USDT-SWAP,2026-08-06T08:00:00Z,0.0000008542736991,0.0000008542736991
SOL-USDT-SWAP,2026-08-06T08:00:00Z,-0.0000164868136572,-0.0000164868136572
BTC-USDT-SWAP,2026-08-06T16:00:00Z,0.0000595020744934,0.0000595020744934
ETH-USDT-SWAP,2026-08-06T16:00:00Z,0.0000171069136136,0.0000171069136136
SOL-USDT-SWAP,2026-08-06T16:00:00Z,-0.000002762193192,-0.000002762193192
BTC-USDT-SWAP,2026-08-07T00:00:00Z,0.0000516952207192,0.0000516952207192
ETH-USDT-SWAP,2026-08-07T00:00:00Z,0.0000288350469677,0.0000288350469677
SOL-USDT-SWAP,2026-08-07T00:00:00Z,0.0000076555869436,0.0000076555869436
BTC-USDT-SWAP,2026-08-07T08:00:00Z,0.000073281191651,0.000073281191651
ETH-USDT-SWAP,2026-08-07T08:00:00Z,0.0000667092397022,0.0000667092397022
SOL-USDT-SWAP,2026-08-07T08:00:00Z,0.0000172747037281,0.0000172747037281
BTC-USDT-SWAP,2026-08-07T16:00:00Z,0.0000118733046652,0.0000118733046652
ETH-USDT-SWAP,2026-08-07T16:00:00Z,0.0000189688413157,0.0000189688413157
SOL-USDT-SWAP,2026-08-07T16:00:00Z,0.0000617651902679,0.0000617651902679
BTC-USDT-SWAP,2026-08-08T00:00:00Z,0.0000377794416445,0.0000377794416445
ETH-USDT-SWAP,2026-08-08T00:00:00Z,0.0000246228606321,0.0000246228606321
SOL-USDT-SWAP,2026-08-08T00:00:00Z,0.0001,0.0001
BTC-USDT-SWAP,2026-08-08T08:00:00Z,0.0000355955914474,0.0000355955914474
ETH-USDT-SWAP,2026-08-08T08:00:00Z,0.0000359142764991,0.0000359142764991
SOL-USDT-SWAP,2026-08-08T08:00:00Z,0.0001,0.0001
BTC-USDT-SWAP,2026-08-08T16:00:00Z,0.000025113246157,0.000025113246157
ETH-USDT-SWAP,2026-08-08T16:00:00Z,-0.000002156013378,-0.000002156013378
SOL-USDT-SWAP,2026-08-08T16:00:00Z,0.0001,0.0001
BTC-USDT-SWAP,2026-08-09T00:00:00Z,0.000046530528329,0.000046530528329
ETH-USDT-SWAP,2026-08-09T00:00:00Z,0.0000171944578959,0.0000171944578959
SOL-USDT-SWAP,2026-08-09T00:00:00Z,0.0001,0.0001
BTC-USDT-SWAP,2026-08-09T08:00:00Z,0.000007399680428,0.000007399680428
ETH-USDT-SWAP,2026-08-09T08:00:00Z,0.0000698565916673,0.0000698565916673
SOL-USDT-SWAP,2026-08-09T08:00:00Z,0.0000875975210181,0.0000875975210181
BTC-USDT-SWAP,2026-08-09T16:00:00Z,0.0000104271043705,0.0000104271043705
ETH-USDT-SWAP,2026-08-09T16:00:00Z,0.0000150459997638,0.0000150459997638
SOL-USDT-SWAP,2026-08-09T16:00:00Z,0.0001,0.0001
BTC-USDT-SWAP,2026-08-10T00:00:00Z,0.0000922148908769,0.0000922148908769
ETH-USDT-SWAP,2026-08-10T00:00:00Z,0.0000538090424681,0.0000538090424681
SOL-USDT-SWAP,2026-08-10T00:00:00Z,0.0000925266597201,0.0000925266597201
BTC-USDT-SWAP,2026-08-10T08:00:00Z,0.0000574400912064,0.0000574400912064
ETH-USDT-SWAP,2026-08-10T08:00:00Z,0.0000428864056466,0.0000428864056466
SOL-USDT-SWAP,2026-08-10T08:00:00Z,0.0001,0.0001
BTC-USDT-SWAP,2026-08-10T16:00:00Z,0.000096723689051,0.000096723689051
ETH-USDT-SWAP,2026-08-10T16:00:00Z,0.0001,0.0001
SOL-USDT-SWAP,2026-08-10T16:00:00Z,0.0000922707840832,0.0000922707840832
BTC-USDT-SWAP,2026-08-11T00:00:00Z,0.0001,0.0001
ETH-USDT-SWAP,2026-08-11T00:00:00Z,0.0000929685260374,0.0000929685260374
SOL-USDT-SWAP,2026-08-11T00:00:00Z,0.0001,0.0001
BTC-USDT-SWAP,2026-08-11T08:00:00Z,0.0001,0.0001
ETH-USDT-SWAP,2026-08-11T08:00:00Z,0.0000629568308174,0.0000629568308174
SOL-USDT-SWAP,2026-08-11T08:00:00Z,0.0000678254734842,0.0000678254734842
BTC-USDT-SWAP,2026-08-11T16:00:00Z,0.0001,0.0001
ETH-USDT-SWAP,2026-08-11T16:00:00Z,0.0000729133616208,0.0000729133616208
SOL-USDT-SWAP,2026-08-11T16:00:00Z,0.0000008607303281,0.0000008607303281
BTC-USDT-SWAP,2026-08-12T00:00:00Z,0.0000495294037917,0.0000495294037917
ETH-USDT-SWAP,2026-08-12T00:00:00Z,0.0000650447801533,0.0000650447801533
SOL-USDT-SWAP,2026-08-12T00:00:00Z,-0.0000439073517669,-0.0000439073517669
BTC-USDT-SWAP,2026-08-12T08:00:00Z,0.0000665167980022,0.0000665167980022
ETH-USDT-SWAP,2026-08-12T08:00:00Z,0.0000586603710092,0.0000586603710092
SOL-USDT-SWAP,2026-08-12T08:00:00Z,0.000085079375845,0.000085079375845
BTC-USDT-SWAP,2026-08-12T16:00:00Z,0.0000887121109659,0.0000887121109659
ETH-USDT-SWAP,2026-08-12T16:00:00Z,0.0000812543862044,0.0000812543862044
SOL-USDT-SWAP,2026-08-12T16:00:00Z,-0.0000176303425132,-0.0000176303425132
BTC-USDT-SWAP,2026-08-13T00:00:00Z,0.0001,0.0001
ETH-USDT-SWAP,2026-08-13T00:00:00Z,0.0001,0.0001
SOL-USDT-SWAP,2026-08-13T00:00:00Z,0.0000060345192828,0.0000060345192828
BTC-USDT-SWAP,2026-08-13T08:00:00Z,0.0000691212484189,0.0000691212484189
ETH-USDT-SWAP,2026-08-13T08:00:00Z,0.000016250221253,0.000016250221253
SOL-USDT-SWAP,2026-08-13T08:00:00Z,0.0000313706796676,0.0000313706796676
BTC-USDT-SWAP,2026-08-13T16:00:00Z,0.0000559148615532,0.0000559148615532
ETH-USDT-SWAP,2026-08-13T16:00:00Z,0.0000753132654536,0.0000753132654536
SOL-USDT-SWAP,2026-08-13T16:00:00Z,0.0000016208619015,0.0000016208619015
BTC-USDT-SWAP,2026-08-14T00:00:00Z,0.0001,0.0001
ETH-USDT-SWAP,2026-08-14T00:00:00Z,0.0001,0.0001
SOL-USDT-SWAP,2026-08-14T00:00:00Z,0.0000606921464691,0.0000606921464691
BTC-USDT-SWAP,2026-08-14T08:00:00Z,0.0000826026727968,0.0000826026727968
ETH-USDT-SWAP,2026-08-14T08:00:00Z,0.0000883149313719,0.0000883149313719
SOL-USDT-SWAP,2026-08-14T08:00:00Z,0.0001,0.0001
BTC-USDT-SWAP,2026-08-14T16:00:00Z,0.0001,0.0001
ETH-USDT-SWAP,2026-08-14T16:00:00Z,0.0000944808093277,0.0000944808093277
SOL-USDT-SWAP,2026-08-14T16:00:00Z,0.0000121511314192,0.0000121511314192
BTC-USDT-SWAP,2026-08-15T00:00:00Z,0.0000885927084285,0.0000885927084285
ETH-USDT-SWAP,2026-08-15T00:00:00Z,0.0000666945112963,0.0000666945112963
SOL-USDT-SWAP,2026-08-15T00:00:00Z,-0.000038700510289,-0.000038700510289
BTC-USDT-SWAP,2026-08-15T08:00:00Z,0.0000765914290582,0.0000765914290582
ETH-USDT-SWAP,2026-08-15T08:00:00Z,0.0000375308273115,0.0000375308273115
SOL-USDT-SWAP,2026-08-15T08:00:00Z,-0.0000111857401691,-0.0000111857401691
BTC-USDT-SWAP,2026-08-15T16:00:00Z,0.0000647375951599,0.0000647375951599
ETH-USDT-SWAP,2026-08-15T16:00:00Z,0.0000383273653081,0.0000383273653081
SOL-USDT-SWAP,2026-08-15T16:00:00Z,-0.000026060195802,-0.000026060195802
BTC-USDT-SWAP,2026-08-16T00:00:00Z,0.0000509375327473,0.0000509375327473
ETH-USDT-SWAP,2026-08-16T00:00:00Z,0.0000216430646451,0.0000216430646451
SOL-USDT-SWAP,2026-08-16T00:00:00Z,-0.0000332323963334,-0.0000332323963334
BTC-USDT-SWAP,2026-08-16T08:00:00Z,0.0000458871049066,0.0000458871049066
ETH-USDT-SWAP,2026-08-16T08:00:00Z,0.0000876265245191,0.0000876265245191
SOL-USDT-SWAP,2026-08-16T08:00:00Z,0.0000636672098694,0.0000636672098694
BTC-USDT-SWAP,2026-08-16T16:00:00Z,0.0000656875428578,0.0000656875428578
ETH-USDT-SWAP,2026-08-16T16:00:00Z,0.000077278227667,0.000077278227667
SOL-USDT-SWAP,2026-08-16T16:00:00Z,0.0000123676259471,0.0000123676259471
BTC-USDT-SWAP,2026-08-17T00:00:00Z,0.0001,0.0001
ETH-USDT-SWAP,2026-08-17T00:00:00Z,0.0000779795884864,0.0000779795884864
SOL-USDT-SWAP,2026-08-17T00:00:00Z,-0.0000349471773002,-0.0000349471773002
BTC-USDT-SWAP,2026-08-17T08:00:00Z,0.0000325081180166,0.0000325081180166
ETH-USDT-SWAP,2026-08-17T08:00:00Z,0.0000137824649155,0.0000137824649155
SOL-USDT-SWAP,2026-08-17T08:00:00Z,-0.0000195760247214,-0.0000195760247214
BTC-USDT-SWAP,2026-08-17T16:00:00Z,0.0000234012172617,0.0000234012172617
ETH-USDT-SWAP,2026-08-17T16:00:00Z,0.0000333349287259,0.0000333349287259
SOL-USDT-SWAP,2026-08-17T16:00:00Z,0.0000061053064334,0.0000061053064334
BTC-USDT-SWAP,2026-08-18T00:00:00Z,-0.000017199214452,-0.000017199214452
ETH-USDT-SWAP,2026-08-18T00:00:00Z,0.000012978004836,0.000012978004836
SOL-USDT-SWAP,2026-08-18T00:00:00Z,0.0000054533403589,0.0000054533403589
BTC-USDT-SWAP,2026-08-18T08:00:00Z,0.0000521315570257,0.0000521315570257
ETH-USDT-SWAP,2026-08-18T08:00:00Z,0.0000448222464397,0.0000448222464397
SOL-USDT-SWAP,2026-08-18T08:00:00Z,-0.0000024226166205,-0.0000024226166205
BTC-USDT-SWAP,2026-08-18T16:00:00Z,0.0000196881311933,0.0000196881311933
ETH-USDT-SWAP,2026-08-18T16:00:00Z,-0.0000005095594143,-0.0000005095594143
SOL-USDT-SWAP,2026-08-18T16:00:00Z,0.0000862968923199,0.0000862968923199
BTC-USDT-SWAP,2026-08-19T00:00:00Z,0.0000591412493872,0.0000591412493872
ETH-USDT-SWAP,2026-08-19T00:00:00Z,-0.0000150322210573,-0.0000150322210573
SOL-USDT-SWAP,2026-08-19T00:00:00Z,0.0000415231729563,0.0000415231729563
BTC-USDT-SWAP,2026-08-19T08:00:00Z,0.0000958441601342,0.0000958441601342
ETH-USDT-SWAP,2026-08-19T08:00:00Z,0.0000262954322888,0.0000262954322888
SOL-USDT-SWAP,2026-08-19T08:00:00Z,0.0000472302301921,0.0000472302301921
BTC-USDT-SWAP,2026-08-19T16:00:00Z,0.0000467644705158,0.0000467644705158
ETH-USDT-SWAP,2026-08-19T16:00:00Z,0.0000649603093738,0.0000649603093738
SOL-USDT-SWAP,2026-08-19T16:00:00Z,0.0000089315818707,0.0000089315818707
BTC-USDT-SWAP,2026-08-20T00:00:00Z,0.0001,0.0001
ETH-USDT-SWAP,2026-08-20T00:00:00Z,0.0001,0.0001
SOL-USDT-SWAP,2026-08-20T00:00:00Z,0.0001,0.0001
BTC-USDT-SWAP,2026-08-20T08:00:00Z,0.0001,0.0001
ETH-USDT-SWAP,2026-08-20T08:00:00Z,0.0001,0.0001
SOL-USDT-SWAP,2026-08-20T08:00:00Z,0.0001,0.0001
BTC-USDT-SWAP,2026-08-20T16:00:00Z,0.000058895290316,0.000058895290316
ETH-USDT-SWAP,2026-08-20T16:00:00Z,0.0001,0.0001
SOL-USDT-SWAP,2026-08-20T16:00:00Z,0.0001,0.0001
BTC-USDT-SWAP,2026-08-21T00:00:00Z,0.0000115687813457,0.0000115687813457
ETH-USDT-SWAP,2026-08-21T00:00:00Z,0.0000780352542507,0.0000780352542507
SOL-USDT-SWAP,2026-08-21T00:00:00Z,0.0001,0.0001
BTC-USDT-SWAP,2026-08-21T08:00:00Z,0.0000807091890159,0.0000807091890159
ETH-USDT-SWAP,2026-08-21T08:00:00Z,0.0001,0.0001
SOL-USDT-SWAP,2026-08-21T08:00:00Z,0.0001,0.0001
BTC-USDT-SWAP,2026-08-21T16:00:00Z,0.0001,0.0001
ETH-USDT-SWAP,2026-08-21T16:00:00Z,0.0001,0.0001
SOL-USDT-SWAP,2026-08-21T16:00:00Z,0.0001,0.0001
BTC-USDT-SWAP,2026-08-22T00:00:00Z,0.0001,0.0001
ETH-USDT-SWAP,2026-08-22T00:00:00Z,0.0001,0.0001
SOL-USDT-SWAP,2026-08-22T00:00:00Z,0.0001,0.0001
BTC-USDT-SWAP,2026-08-22T08:00:00Z,0.0001,0.0001
ETH-USDT-SWAP,2026-08-22T08:00:00Z,0.0001,0.0001
SOL-USDT-SWAP,2026-08-22T08:00:00Z,0.0001,0.0001
BTC-USDT-SWAP,2026-08-22T16:00:00Z,0.0001,0.0001
ETH-USDT-SWAP,2026-08-22T16:00:00Z,0.0001,0.0001
SOL-USDT-SWAP,2026-08-22T16:00:00Z,0.0001,0.0001
BTC-USDT-SWAP,2026-08-23T00:00:00Z,0.0001,0.0001
ETH-USDT-SWAP,2026-08-23T00:00:00Z,0.0001,0.0001
SOL-USDT-SWAP,2026-08-23T00:00:00Z,0.0001,0.0001
BTC-USDT-SWAP,2026-08-23T08:00:00Z,0.0001,0.0001
ETH-USDT-SWAP,2026-08-23T08:00:00Z,0.0001,0.0001
SOL-USDT-SWAP,2026-08-23T08:00:00Z,0.0001,0.0001
BTC-USDT-SWAP,2026-08-23T16:00:00Z,0.0001,0.0001
ETH-USDT-SWAP,2026-08-23T16:00:00Z,0.0001,0.0001
SOL-USDT-SWAP,2026-08-23T16:00:00Z,0.0001,0.0001
BTC-USDT-SWAP,2026-08-24T00:00:00Z,0.0001,0.0001
ETH-USDT-SWAP,2026-08-24T00:00:00Z,0.0001,0.0001
SOL-USDT-SWAP,2026-08-24T00:00:00Z,0.0001,0.0001
BTC-USDT-SWAP,2026-08-24T08:00:00Z,0.0001,0.0001
ETH-USDT-SWAP,2026-08-24T08:00:00Z,0.0001,0.0001
SOL-USDT-SWAP,2026-08-24T08:00:00Z,0.0001,0.0001
BTC-USDT-SWAP,2026-08-24T16:00:00Z,0.0001,0.0001
ETH-USDT-SWAP,2026-08-24T16:00:00Z,0.0000993104214074,0.0000993104214074
SOL-USDT-SWAP,2026-08-24T16:00:00Z,0.0001,0.0001
BTC-USDT-SWAP,2026-08-25T00:00:00Z,0.0000721612486132,0.0000721612486132
ETH-USDT-SWAP,2026-08-25T00:00:00Z,0.0001,0.0001
SOL-USDT-SWAP,2026-08-25T00:00:00Z,0.0001,0.0001
BTC-USDT-SWAP,2026-08-25T08:00:00Z,0.0001,0.0001
ETH-USDT-SWAP,2026-08-25T08:00:00Z,0.0001,0.0001
SOL-USDT-SWAP,2026-08-25T08:00:00Z,0.0001,0.0001
BTC-USDT-SWAP,2026-08-25T16:00:00Z,0.0000560993670634,0.0000560993670634
ETH-USDT-SWAP,2026-08-25T16:00:00Z,0.0001,0.0001
SOL-USDT-SWAP,2026-08-25T16:00:00Z,0.0001,0.0001
BTC-USDT-SWAP,2026-08-26T00:00:00Z,0.0000839480914457,0.0000839480914457
ETH-USDT-SWAP,2026-08-26T00:00:00Z,0.000079209396184,0.000079209396184
SOL-USDT-SWAP,2026-08-26T00:00:00Z,0.0000484314077913,0.0000484314077913
BTC-USDT-SWAP,2026-08-26T08:00:00Z,0.0000663611159815,0.0000663611159815
ETH-USDT-SWAP,2026-08-26T08:00:00Z,0.0001,0.0001
SOL-USDT-SWAP,2026-08-26T08:00:00Z,0.0000360557859421,0.0000360557859421
BTC-USDT-SWAP,2026-08-26T16:00:00Z,0.0000565958949127,0.0000565958949127
ETH-USDT-SWAP,2026-08-26T16:00:00Z,0.0000898800248376,0.0000898800248376
SOL-USDT-SWAP,2026-08-26T16:00:00Z,0.0000328290871159,0.0000328290871159
BTC-USDT-SWAP,2026-08-27T00:00:00Z,0.0000442104724114,0.0000442104724114
ETH-USDT-SWAP,2026-08-27T00:00:00Z,0.0000712565076267,0.0000712565076267
SOL-USDT-SWAP,2026-08-27T00:00:00Z,0.0000751567534466,0.0000751567534466
BTC-USDT-SWAP,2026-08-27T08:00:00Z,0.0000418527563912,0.0000418527563912
ETH-USDT-SWAP,2026-08-27T08:00:00Z,0.0000892326527737,0.0000892326527737
SOL-USDT-SWAP,2026-08-27T08:00:00Z,0.0001,0.0001
BTC-USDT-SWAP,2026-08-27T16:00:00Z,-0.0000040858109027,-0.0000040858109027
ETH-USDT-SWAP,2026-08-27T16:00:00Z,0.0000140752443773,0.0000140752443773
SOL-USDT-SWAP,2026-08-27T16:00:00Z,-0.0000257216253787,-0.0000257216253787
BTC-USDT-SWAP,2026-08-28T00:00:00Z,0.0000299828619064,0.0000299828619064
ETH-USDT-SWAP,2026-08-28T00:00:00Z,0.0000318649287208,0.0000318649287208
SOL-USDT-SWAP,2026-08-28T00:00:00Z,-0.0000012716528682,-0.0000012716528682
