symbol,timestamp,open_interest,volume
BTC,2026-03-01T16:00:00Z,2895934110.6583,7784424608.5905
ETH,2026-03-01T16:00:00Z,1586151181.6378,10721053822.9702
SOL,2026-03-01T16:00:00Z,249634554.28,1197601485.4307
BTC,2026-03-02T16:00:00Z,3040623141.0677,10235712071.9046
ETH,2026-03-02T16:00:00Z,1668329759.2096,13542901519.1862
SOL,2026-03-02T16:00:00Z,263704375.6726,1322751725.2994
BTC,2026-03-03T16:00:00Z,2946056454.0056,9738037190.6425
ETH,2026-03-03T16:00:00Z,1631301250.2358,12348006006.5489
SOL,2026-03-03T16:00:00Z,247464956.7685,1262527653.8507
BTC,2026-03-04T16:00:00Z,3285877689.6088,14295095866.6068
ETH,2026-03-04T16:00:00Z,1874666419.6219,15371915015.4806
SOL,2026-03-04T16:00:00Z,280440185.8872,1764865256.5314
BTC,2026-03-05T16:00:00Z,3166911068.7314,10310109533.5391
ETH,2026-03-05T16:00:00Z,1802123251.1205,12101990055.7922
SOL,2026-03-05T16:00:00Z,266253699.228,1256917174.2783
BTC,2026-03-06T16:00:00Z,2963759166.7944,8989227921.7017
ETH,2026-03-06T16:00:00Z,1656738719.3098,10000887294.1308
SOL,2026-03-06T16:00:00Z,256208317.18,968392093.3971
BTC,2026-03-07T16:00:00Z,2931693231.6857,4156171439.9243
ETH,2026-03-07T16:00:00Z,1700839154.5617,4410137054.0549
SOL,2026-03-07T16:00:00Z,252288639.7932,475228030.4114
BTC,2026-03-08T16:00:00Z,2886160376.6323,4405158951.8058
ETH,2026-03-08T16:00:00Z,1677885809.7842,5458897700.2605
SOL,2026-03-08T16:00:00Z,243981244.723,567337432.6009
BTC,2026-03-09T16:00:00Z,2922497243.4184,8745690931.5243
ETH,2026-03-09T16:00:00Z,1731358069.0382,10782625165.2859
SOL,2026-03-09T16:00:00Z,249472688.7516,936964063.7484
BTC,2026-03-10T16:00:00Z,3045438349.0318,9914896339.4374
ETH,2026-03-10T16:00:00Z,1792596330.4555,10485848090.8563
SOL,2026-03-10T16:00:00Z,263915557.4701,1013821758.753
BTC,2026-03-11T16:00:00Z,2975190203.1041,8660013988.9219
ETH,2026-03-11T16:00:00Z,1870522605.1946,9376087826.6918
SOL,2026-03-11T16:00:00Z,249679579.51,967294535.5791
BTC,2026-03-12T16:00:00Z,2941439632.9143,8051433535.0248
ETH,2026-03-12T16:00:00Z,1867907978.1278,9568527840.6376
SOL,2026-03-12T16:00:00Z,250025753.6023,1027111776.1913
BTC,2026-03-13T16:00:00Z,3092260035.534,10303163438.1376
ETH,2026-03-13T16:00:00Z,1949490697.1234,13851561679.7943
SOL,2026-03-13T16:00:00Z,281347428.3516,1273919157.8276
BTC,2026-03-14T16:00:00Z,2886957160.6886,5719414461.8211
ETH,2026-03-14T16:00:00Z,1910411990.0064,6379042709.1523
SOL,2026-03-14T16:00:00Z,258434268.654,634529493.4803
BTC,2026-03-15T16:00:00Z,2923299271.1197,3125377274.5803
ETH,2026-03-15T16:00:00Z,1903014108.2291,4220102649.1876
SOL,2026-03-15T16:00:00Z,260876377.29,416504326.1354
BTC,2026-03-16T16:00:00Z,3028216632.6815,9064036619.8805
ETH,2026-03-16T16:00:00Z,2220231408.7623,17063816387.9637
SOL,2026-03-16T16:00:00Z,293842521.2497,1373180632.5248
BTC,2026-03-17T16:00:00Z,3073605744.5407,9297090803.9352
ETH,2026-03-17T16:00:00Z,2176073821.5772,16483304928.6766
SOL,2026-03-17T16:00:00Z,288768879.7253,1017065441.2049
BTC,2026-03-18T16:00:00Z,3141185186.5831,7654276601.9944
ETH,2026-03-18T16:00:00Z,2046722149.6677,12731196704.4452
SOL,2026-03-18T16:00:00Z,262346974.2957,938181576.2156
BTC,2026-03-19T16:00:00Z,3018745054.1127,8528502476.2774
ETH,2026-03-19T16:00:00Z,1972510855.4775,14179840326.2191
SOL,2026-03-19T16:00:00Z,255579587.748,893326604.6221
BTC,2026-03-20T16:00:00Z,3020197352.5876,7538577471.5216
ETH,2026-03-20T16:00:00Z,1922152488.4319,9342357024.1795
SOL,2026-03-20T16:00:00Z,261471877.0745,680755540.7993
BTC,2026-03-21T16:00:00Z,2972392637.9186,3664418413.8594
ETH,2026-03-21T16:00:00Z,1942675136.1047,3944633028.0891
SOL,2026-03-21T16:00:00Z,259935679.1891,415013801.0467
BTC,2026-03-22T16:00:00Z,2944158650.4414,5580778935.8658
ETH,2026-03-22T16:00:00Z,1878317144.1485,7567384657.579
SOL,2026-03-22T16:00:00Z,264906010.6168,611925881.3865
BTC,2026-03-23T16:00:00Z,2891366635.8593,11832863600.0941
ETH,2026-03-23T16:00:00Z,1821669990.9235,14899934845.5259
SOL,2026-03-23T16:00:00Z,259428177.3945,1274758214.1716
BTC,2026-03-24T16:00:00Z,2904589149.9258,7076655028.5988
ETH,2026-03-24T16:00:00Z,1853071781.5988,8888063635.2162
SOL,2026-03-24T16:00:00Z,261155755.085,900275833.0836
BTC,2026-03-25T16:00:00Z,2917649679.4369,8249611521.2751
ETH,2026-03-25T16:00:00Z,1897736738.0625,9224325703.03
SOL,2026-03-25T16:00:00Z,275030213.9683,887066737.5542
BTC,2026-03-26T16:00:00Z,3010147976.4304,6960374991.3084
ETH,2026-03-26T16:00:00Z,1903826506.2521,8423166399.2213
SOL,2026-03-26T16:00:00Z,264636516.9266,781596835.0111
BTC,2026-03-27T16:00:00Z,2945138323.1875,8807784581.9868
ETH,2026-03-27T16:00:00Z,1806285999.52,9736659606.0716
SOL,2026-03-27T16:00:00Z,272969016.1128,1002371832.9915
BTC,2026-03-28T16:00:00Z,2942177560.526,4162488409.5339
ETH,2026-03-28T16:00:00Z,1851904305.599,4574905824.8351
SOL,2026-03-28T16:00:00Z,281636143.0992,576240228.3058
BTC,2026-03-29T16:00:00Z,2940007707.6769,3123206465.5429
ETH,2026-03-29T16:00:00Z,1829092331.7017,3669204666.7299
SOL,2026-03-29T16:00:00Z,276890248.3569,444125991.4955
BTC,2026-03-30T16:00:00Z,2867232994.136,7741566050.2492
ETH,2026-03-30T16:00:00Z,1820089244.703,9653079839.134
SOL,2026-03-30T16:00:00Z,260614723.0382,946999357.7495
BTC,2026-03-31T16:00:00Z,2778310474.6482,8767444325.768
ETH,2026-03-31T16:00:00Z,1700534171.0391,10420723153.1412
SOL,2026-03-31T16:00:00Z,259858645.4518,981707477.088
BTC,2026-04-01T16:00:00Z,2916292450.4845,7526255410.265
ETH,2026-04-01T16:00:00Z,1813399187.7264,10463503971.0339
SOL,2026-04-01T16:00:00Z,252594220.5768,798799233.8404
BTC,2026-04-02T16:00:00Z,2817667624.2752,7711452196.1436
ETH,2026-04-02T16:00:00Z,1743808047.6699,10883513438.1207
SOL,2026-04-02T16:00:00Z,275806148.5644,1477228488.1579
BTC,2026-04-03T16:00:00Z,2794940010.864,4212076667.1365
ETH,2026-04-03T16:00:00Z,1708987852.4715,5070487104.8862
SOL,2026-04-03T16:00:00Z,269248400.3252,678378774.5702
BTC,2026-04-04T16:00:00Z,2818315674.8438,1888087754.2388
ETH,2026-04-04T16:00:00Z,1694577933.8387,1926232104.6502
SOL,2026-04-04T16:00:00Z,260868478.2762,360806011.252
BTC,2026-04-05T16:00:00Z,2768806131.7626,3016083409.8478
ETH,2026-04-05T16:00:00Z,1676792097.2276,4157598537.1213
SOL,2026-04-05T16:00:00Z,261623728.8,506530883.8781
BTC,2026-04-06T16:00:00Z,2941303690.5319,7132473616.1506
ETH,2026-04-06T16:00:00Z,1903339506.968,8941374686.1156
SOL,2026-04-06T16:00:00Z,254984189.8808,786330068.8971
BTC,2026-04-07T16:00:00Z,2837796247.2699,6722211905.3766
ETH,2026-04-07T16:00:00Z,1606300617.826,9382473922.6503
SOL,2026-04-07T16:00:00Z,253473451.891,755973842.1603
BTC,2026-04-08T16:00:00Z,3158570935.9124,10981497353.7359
ETH,2026-04-08T16:00:00Z,1850866281.3508,13980423859.7993
SOL,2026-04-08T16:00:00Z,243162161.0762,1200974981.8141
BTC,2026-04-09T16:00:00Z,3206743026.1166,6301634313.2064
ETH,2026-04-09T16:00:00Z,1802159505.5229,8629766743.8472
SOL,2026-04-09T16:00:00Z,239149758.16,606504202.2869
BTC,2026-04-10T16:00:00Z,3170451508.4016,8014479785.9327
ETH,2026-04-10T16:00:00Z,1858831666.223,10000107798.2188
SOL,2026-04-10T16:00:00Z,246225366.77,868037650.5269
BTC,2026-04-11T16:00:00Z,3222462846.258,3334204170.2384
ETH,2026-04-11T16:00:00Z,1928909239.4716,4077707794.004
SOL,2026-04-11T16:00:00Z,246760944.2986,456775867.5463
BTC,2026-04-12T16:00:00Z,3090295504.8838,5446621304.0348
ETH,2026-04-12T16:00:00Z,1763779769.3014,9169633815.3227
SOL,2026-04-12T16:00:00Z,226576330.264,716385513.4868
BTC,2026-04-13T16:00:00Z,3132741555.4482,5420375134.5256
ETH,2026-04-13T16:00:00Z,1683854943.8363,6893770301.0133
SOL,2026-04-13T16:00:00Z,230902952.2474,612287058.9124
BTC,2026-04-14T16:00:00Z,3481140857.787,9366412927.0706
ETH,2026-04-14T16:00:00Z,1957039752.9867,14849231390.5249
SOL,2026-04-14T16:00:00Z,250827406.0436,984788832.4998
BTC,2026-04-15T16:00:00Z,3355552724.9015,6525727482.5273
ETH,2026-04-15T16:00:00Z,1863255357.2619,7851360700.7661
SOL,2026-04-15T16:00:00Z,238701693.43,754363403.7549
BTC,2026-04-16T16:00:00Z,3306929102.9611,6695059957.095
ETH,2026-04-16T16:00:00Z,1784679511.9875,9286313188.5632
SOL,2026-04-16T16:00:00Z,248135375.5012,780107066.3071
BTC,2026-04-17T16:00:00Z,3635976475.3239,10429615300.2313
ETH,2026-04-17T16:00:00Z,2004077497.7767,12526992675.8779
SOL,2026-04-17T16:00:00Z,261302395.435,1324895559.8015
BTC,2026-04-18T16:00:00Z,3415972072.1004,5760764367.9362
ETH,2026-04-18T16:00:00Z,1927524627.8243,7893016599.3819
SOL,2026-04-18T16:00:00Z,243691905.5,612148186.7167
BTC,2026-04-19T16:00:00Z,3386283922.1824,4725204188.8926
ETH,2026-04-19T16:00:00Z,1808682304.0404,6382967761.1466
SOL,2026-04-19T16:00:00Z,234373420.321,671181383.273
BTC,2026-04-20T16:00:00Z,3319811082.4809,7844951330.0844
ETH,2026-04-20T16:00:00Z,1779688496.6984,10123639520.999
SOL,2026-04-20T16:00:00Z,234228993.156,707858119.0654
BTC,2026-04-21T16:00:00Z,3403679510.9075,6936613090.3116
ETH,2026-04-21T16:00:00Z,1723644046.3016,7443789494.3413
SOL,2026-04-21T16:00:00Z,239662989.902,548618667.9594
BTC,2026-04-22T16:00:00Z,3763758011.7485,9621985474.7159
ETH,2026-04-22T16:00:00Z,1903401506.4739,11255062045.8925
SOL,2026-04-22T16:00:00Z,270138478.1963,814688380.1741
BTC,2026-04-23T16:00:00Z,3621013186.6364,7482968836.9353
ETH,2026-04-23T16:00:00Z,1776093446.5073,8754956704.0512
SOL,2026-04-23T16:00:00Z,250600313.0412,652588601.6501
BTC,2026-04-24T16:00:00Z,3454250463.8793,7447512102.1125
ETH,2026-04-24T16:00:00Z,1785540248.8978,7429771317.0999
SOL,2026-04-24T16:00:00Z,243526444.1724,623055153.1081
BTC,2026-04-25T16:00:00Z,3299519783.4614,3037497357.959
ETH,2026-04-25T16:00:00Z,1754001857.6417,2414353529.1469
SOL,2026-04-25T16:00:00Z,247996703.576,286833938.1371
BTC,2026-04-26T16:00:00Z,3323136752.0297,2969173318.8803
ETH,2026-04-26T16:00:00Z,1876295492.3902,3576875596.6726
SOL,2026-04-26T16:00:00Z,246006938.5252,364510924.7838
BTC,2026-04-27T16:00:00Z,3338083108.6499,9508566649.7756
ETH,2026-04-27T16:00:00Z,1805728076.3988,10710293212.6559
SOL,2026-04-27T16:00:00Z,253578953.5276,865804922.9652
BTC,2026-04-28T16:00:00Z,3260512889.4685,5773379998.9152
ETH,2026-04-28T16:00:00Z,1856679055.7672,6046849416.2153
SOL,2026-04-28T16:00:00Z,256612592.947,445654952.2967
BTC,2026-04-29T16:00:00Z,3120774488.6711,6333330305.8626
ETH,2026-04-29T16:00:00Z,1765711173.7394,8953053457.3339
SOL,2026-04-29T16:00:00Z,253097890.6225,594415871.9928
BTC,2026-04-30T16:00:00Z,3174132198.8026,7151004511.011
ETH,2026-04-30T16:00:00Z,1819415949.5135,8958049993.5924
SOL,2026-04-30T16:00:00Z,255098289.9275,572291836.2754
BTC,2026-05-01T16:00:00Z,3368344719.1003,7000868514.2874
ETH,2026-05-01T16:00:00Z,1828119588.7656,6015791113.883
SOL,2026-05-01T16:00:00Z,248455630.5338,411671326.863
BTC,2026-05-02T16:00:00Z,3323012235.732,2793624876.1854
ETH,2026-05-02T16:00:00Z,1772738364.3085,3237258143.0333
SOL,2026-05-02T16:00:00Z,251048003.8416,304409713.8043
BTC,2026-05-03T16:00:00Z,3336478200.058,2829298162.8464
ETH,2026-05-03T16:00:00Z,1792616759.4601,3545030114.7435
SOL,2026-05-03T16:00:00Z,248465232.609,274277041.6915
BTC,2026-05-04T16:00:00Z,3313048664.4905,11193901248.0473
ETH,2026-05-04T16:00:00Z,1835488365.9718,11580786843.589
SOL,2026-05-04T16:00:00Z,252645293.3448,846199878.5998
BTC,2026-05-05T16:00:00Z,3710005695.7092,7358708173.5813
ETH,2026-05-05T16:00:00Z,1983819856.7811,7121821304.4779
SOL,2026-05-05T16:00:00Z,269326061.325,514809247.2649
BTC,2026-05-06T16:00:00Z,3582758784.5781,8920588079.8568
ETH,2026-05-06T16:00:00Z,2033180974.9336,10432220706.262
SOL,2026-05-06T16:00:00Z,298640105.8393,886502313.3844
BTC,2026-05-07T16:00:00Z,3445457294.8744,6676271816.6816
ETH,2026-05-07T16:00:00Z,2052684510.664,7849067115.723
SOL,2026-05-07T16:00:00Z,295073827.8873,816773504.1914
BTC,2026-05-08T16:00:00Z,3461268612.0502,6314931887.5243
ETH,2026-05-08T16:00:00Z,2124505910.7345,6428540161.7845
SOL,2026-05-08T16:00:00Z,299674229.4202,652290499.2198
BTC,2026-05-09T16:00:00Z,3505271815.3207,2986957507.8088
ETH,2026-05-09T16:00:00Z,2071423380.8003,3961062857.4987
SOL,2026-05-09T16:00:00Z,331247794.4875,969953809.1618
BTC,2026-05-10T16:00:00Z,3532054275.38,2763836893.0053
ETH,2026-05-10T16:00:00Z,2051086341.9039,3468307815.3074
SOL,2026-05-10T16:00:00Z,339519529.5479,665681879.261
BTC,2026-05-11T16:00:00Z,3511509079.8679,7556896147.2034
ETH,2026-05-11T16:00:00Z,2107470059.3076,9198435031.7263
SOL,2026-05-11T16:00:00Z,340740564.122,1376323117.3676
BTC,2026-05-12T16:00:00Z,3493632545.5021,6757032556.5265
ETH,2026-05-12T16:00:00Z,2217400283.4719,7202498603.989
SOL,2026-05-12T16:00:00Z,325109463.434,1090778417.9273
BTC,2026-05-13T16:00:00Z,3512598491.0108,7328230243.0611
ETH,2026-05-13T16:00:00Z,2138039308.1387,7890776814.2852
SOL,2026-05-13T16:00:00Z,299892228.2002,922688093.172
BTC,2026-05-14T16:00:00Z,3504963010.3979,7532822482.8851
ETH,2026-05-14T16:00:00Z,2114567097.6794,6906446255.187
SOL,2026-05-14T16:00:00Z,292431983.1765,767045290.5892
BTC,2026-05-15T16:00:00Z,3382429911.203,10513708982.8194
ETH,2026-05-15T16:00:00Z,2252854922.6963,10057928003.2916
SOL,2026-05-15T16:00:00Z,277756596.9704,831454794.1403
BTC,2026-05-16T16:00:00Z,3422611240.7347,4657861907.4414
ETH,2026-05-16T16:00:00Z,2254122692.6395,5439412157.0817
SOL,2026-05-16T16:00:00Z,279952349.3816,576185415.2664
BTC,2026-05-17T16:00:00Z,3420321934.7466,2847535216.9115
ETH,2026-05-17T16:00:00Z,2238020353.902,3103148538.9197
SOL,2026-05-17T16:00:00Z,279807056.9305,341357572.74
BTC,2026-05-18T16:00:00Z,3468276281.763,8362491482.5119
ETH,2026-05-18T16:00:00Z,2050055109.9816,9824651931.774
SOL,2026-05-18T16:00:00Z,264729416.3934,733834429.8808
BTC,2026-05-19T16:00:00Z,3367962902.4859,6041666217.3091
ETH,2026-05-19T16:00:00Z,1992454872.2349,8085036616.899
SOL,2026-05-19T16:00:00Z,265525297.4616,463675996.6095
BTC,2026-05-20T16:00:00Z,3328450728.0873,5405814012.7296
ETH,2026-05-20T16:00:00Z,1973219359.4092,5499948404.8505
SOL,2026-05-20T16:00:00Z,276024775.1757,402889700.9081
BTC,2026-05-21T16:00:00Z,3327407389.4365,5997595170.8715
ETH,2026-05-21T16:00:00Z,1950404883.1628,6452391546.7432
SOL,2026-05-21T16:00:00Z,268524463.35,625569579.766
BTC,2026-05-22T16:00:00Z,3371700119.6847,5169900817.1725
ETH,2026-05-22T16:00:00Z,1971589603.9646,5060206344.9723
SOL,2026-05-22T16:00:00Z,266217764.6354,541281643.0361
BTC,2026-05-23T16:00:00Z,3404162635.1109,7461114443.4589
ETH,2026-05-23T16:00:00Z,1931450996.3651,8419016353.8786
SOL,2026-05-23T16:00:00Z,270948478.1686,810056973.2892
BTC,2026-05-24T16:00:00Z,3217562158.4053,5839736230.3869
ETH,2026-05-24T16:00:00Z,1823354739.5015,6497020579.7658
SOL,2026-05-24T16:00:00Z,255913177.383,610433887.7313
BTC,2026-05-25T16:00:00Z,3248658126.3526,4694766425.1291
ETH,2026-05-25T16:00:00Z,1819810200.097,5023304183.6137
SOL,2026-05-25T16:00:00Z,258674896.9132,403245033.4867
BTC,2026-05-26T16:00:00Z,3189865859.4579,7036135829.4867
ETH,2026-05-26T16:00:00Z,1862343532.0957,7635412562.1114
SOL,2026-05-26T16:00:00Z,252889577.6919,513077809.1245
BTC,2026-05-27T16:00:00Z,3409469391.9809,6619161805.8309
ETH,2026-05-27T16:00:00Z,1984384429.0547,7006423481.3556
SOL,2026-05-27T16:00:00Z,259813488.4912,492751399.8013
BTC,2026-05-28T16:00:00Z,3486008116.207,8755557568.4017
ETH,2026-05-28T16:00:00Z,2035187091.7637,9438454254.251
SOL,2026-05-28T16:00:00Z,263819663.0614,682516462.0694
BTC,2026-05-29T16:00:00Z,3322873495.7137,6636086825.3425
ETH,2026-05-29T16:00:00Z,1913680934.0324,7766873132.1676
SOL,2026-05-29T16:00:00Z,259630416.7862,460153207.7736
BTC,2026-05-30T16:00:00Z,3273961174.8667,3903028523.9844
ETH,2026-05-30T16:00:00Z,1878879127.3673,4222187360.7261
SOL,2026-05-30T16:00:00Z,254797550.9706,291332060.4456
BTC,2026-05-31T16:00:00Z,3277637200.2835,2233508736.4891
ETH,2026-05-31T16:00:00Z,1931127054.678,2868588389.5254
SOL,2026-05-31T16:00:00Z,256896952.5744,245593354.4044
BTC,2026-06-01T16:00:00Z,3364900453.8806,7821571205.5666
ETH,2026-06-01T16:00:00Z,1971549991.7048,7265658451.8962
SOL,2026-06-01T16:00:00Z,258831945.1695,546427875.2386
BTC,2026-06-02T16:00:00Z,3442797338.6152,12587910110.4195
ETH,2026-06-02T16:00:00Z,1991123158.2488,10495904738.8756
SOL,2026-06-02T16:00:00Z,249587712.1794,764587910.1087
BTC,2026-06-03T16:00:00Z,3258423229.1402,11884122835.2073
ETH,2026-06-03T16:00:00Z,1786170847.9203,11118997277.6895
SOL,2026-06-03T16:00:00Z,239527481.6975,960602293.8461
BTC,2026-06-04T16:00:00Z,3012084691.9336,19106842181.9363
ETH,2026-06-04T16:00:00Z,1639282133.154,16091260579.9094
SOL,2026-06-04T16:00:00Z,237407234.3407,1447926973.31
BTC,2026-06-05T16:00:00Z,2626030432.4916,14906363149.9432
ETH,2026-06-05T16:00:00Z,1509113701.2496,16463180148.7545
SOL,2026-06-05T16:00:00Z,220953571.2464,1234679148.6233
BTC,2026-06-06T16:00:00Z,2583133879.7958,12220992685.0832
ETH,2026-06-06T16:00:00Z,1440379219.008,13737831339.6378
SOL,2026-06-06T16:00:00Z,203521875.052,1231475408.1032
BTC,2026-06-07T16:00:00Z,2596838642.7913,6715685186.7007
ETH,2026-06-07T16:00:00Z,1505459215.1792,7090581239.4269
SOL,2026-06-07T16:00:00Z,208612185.186,726468802.9191
BTC,2026-06-08T16:00:00Z,2555610097.2696,10040366628.4747
ETH,2026-06-08T16:00:00Z,1497193038.58,9165782739.4367
SOL,2026-06-08T16:00:00Z,210860745.8907,782986082.607
BTC,2026-06-09T16:00:00Z,2584851523.4535,7377378015.0521
ETH,2026-06-09T16:00:00Z,1458635275.1511,7767618370.3879
SOL,2026-06-09T16:00:00Z,200189639.9068,742625162.4706
BTC,2026-06-10T16:00:00Z,2633821063.9838,7881318553.3466
ETH,2026-06-10T16:00:00Z,1443791655.0162,8253474353.8732
SOL,2026-06-10T16:00:00Z,205503667.8352,680447906.1365
BTC,2026-06-11T16:00:00Z,2707205873.9869,6355345049.5298
ETH,2026-06-11T16:00:00Z,1479087940.9159,6642608689.3259
SOL,2026-06-11T16:00:00Z,202862998.3715,695987961.649
BTC,2026-06-12T16:00:00Z,2656380990.9953,6834118397.6109
ETH,2026-06-12T16:00:00Z,1466120856.9909,7225616600.8734
SOL,2026-06-12T16:00:00Z,202414290.2025,628405926.163
BTC,2026-06-13T16:00:00Z,2731543471.9435,2827359238.3057
ETH,2026-06-13T16:00:00Z,1511065045.3236,2802026606.5751
SOL,2026-06-13T16:00:00Z,203430541.8261,377742783.33
BTC,2026-06-14T16:00:00Z,2759695916.6159,3069563490.8159
ETH,2026-06-14T16:00:00Z,1478780402.1861,2812485395.8396
SOL,2026-06-14T16:00:00Z,196673775.4446,346028165.4162
BTC,2026-06-15T16:00:00Z,2884414445.6194,7871618935.382
ETH,2026-06-15T16:00:00Z,1724247637.9263,9440274626.538
SOL,2026-06-15T16:00:00Z,224453385.245,803170852.7945
BTC,2026-06-16T16:00:00Z,2732651454.9411,6461806625.077
ETH,2026-06-16T16:00:00Z,1517089578.5796,10533935427.6738
SOL,2026-06-16T16:00:00Z,214391686.166,892724172.5904
BTC,2026-06-17T16:00:00Z,2698380938.2346,5355335830.4724
ETH,2026-06-17T16:00:00Z,1516140788.4272,7165484267.0199
SOL,2026-06-17T16:00:00Z,212581582.6066,606918205.1477
BTC,2026-06-18T16:00:00Z,2581034725.5466,9058485503.6457
ETH,2026-06-18T16:00:00Z,1490002338.7639,9968194587.6358
SOL,2026-06-18T16:00:00Z,201626664.2192,934553355.5143
BTC,2026-06-19T16:00:00Z,2665612166.1622,5086468580.3815
ETH,2026-06-19T16:00:00Z,1509078442.7832,6099214935.2018
SOL,2026-06-19T16:00:00Z,206115799.0462,593607494.3948
BTC,2026-06-20T16:00:00Z,2651569874.8967,3975001755.2449
ETH,2026-06-20T16:00:00Z,1511320141.5431,4178891954.632
SOL,2026-06-20T16:00:00Z,210592962.1693,605479659.3482
BTC,2026-06-21T16:00:00Z,2668831407.2882,2868478014.5444
ETH,2026-06-21T16:00:00Z,1502842838.203,3040439653.1488
SOL,2026-06-21T16:00:00Z,225625111.862,612354275.5582
BTC,2026-06-22T16:00:00Z,2634158005.2497,6434891184.5615
ETH,2026-06-22T16:00:00Z,1541198002.1942,7021576216.0726
SOL,2026-06-22T16:00:00Z,227451768.2424,886068235.1737
BTC,2026-06-23T16:00:00Z,2697980405.5143,7374407709.607
ETH,2026-06-23T16:00:00Z,1574961694.1156,8563299526.4928
SOL,2026-06-23T16:00:00Z,231891799.2164,907900139.1766
BTC,2026-06-24T16:00:00Z,2703500354.8087,7694723101.9513
ETH,2026-06-24T16:00:00Z,1504225596.5692,6789906324.5014
SOL,2026-06-24T16:00:00Z,235500986.0304,758372778.2219
BTC,2026-06-25T16:00:00Z,2700609722.6585,15079770627.2733
ETH,2026-06-25T16:00:00Z,1431657847.1203,13787943534.2423
SOL,2026-06-25T16:00:00Z,224404568.2284,1366332422.911
BTC,2026-06-26T16:00:00Z,2485111326.2864,11070944295.0007
ETH,2026-06-26T16:00:00Z,1482462951.3126,11088382150.7486
SOL,2026-06-26T16:00:00Z,235570972.4236,1466177338.7324
BTC,2026-06-27T16:00:00Z,2514782580.8159,3757526164.0002
ETH,2026-06-27T16:00:00Z,1518987858.5764,3904176257.2709
SOL,2026-06-27T16:00:00Z,244324388.1084,873297934.7345
BTC,2026-06-28T16:00:00Z,2507518848.5675,3123083157.9178
ETH,2026-06-28T16:00:00Z,1450722778.9827,4021301392.7762
SOL,2026-06-28T16:00:00Z,242316568.702,640442339.6432
BTC,2026-06-29T16:00:00Z,2548089122.7054,8539879231.3536
ETH,2026-06-29T16:00:00Z,1428285450.637,8098960719.6825
SOL,2026-06-29T16:00:00Z,254159114.203,1408512205.7452
BTC,2026-06-30T16:00:00Z,2723204145.6682,7525564448.8605
ETH,2026-06-30T16:00:00Z,1464575485.7042,7823340912.811
SOL,2026-06-30T16:00:00Z,256606612.2377,1142919654.6763
BTC,2026-07-01T16:00:00Z,2556725461.4239,8252643098.9872
ETH,2026-07-01T16:00:00Z,1453248797.2154,7574445273.6024
SOL,2026-07-01T16:00:00Z,282871731.5769,1242203484.4148
BTC,2026-07-02T16:00:00Z,2535164534.855,9329429368.03
ETH,2026-07-02T16:00:00Z,1565580451.6961,10516785609.3271
SOL,2026-07-02T16:00:00Z,295552837.7402,1775523561.8784
BTC,2026-07-03T16:00:00Z,2588967622.9523,4568006200.6929
ETH,2026-07-03T16:00:00Z,1610424635.4224,6789204208.3948
SOL,2026-07-03T16:00:00Z,300286827.4391,816492553.6251
BTC,2026-07-04T16:00:00Z,2510949323.398,3569859096.9963
ETH,2026-07-04T16:00:00Z,1631361880.8442,5608360667.3473
SOL,2026-07-04T16:00:00Z,300894698.0168,865545233.1483
BTC,2026-07-05T16:00:00Z,2507760596.9697,3264788210.9556
ETH,2026-07-05T16:00:00Z,1563114474.4273,4813396843.7393
SOL,2026-07-05T16:00:00Z,299426065.848,674753905.5409
BTC,2026-07-06T16:00:00Z,2528351580.8849,7947537752.6603
ETH,2026-07-06T16:00:00Z,1543080283.1894,8182396740.4045
SOL,2026-07-06T16:00:00Z,289510738.6315,1064961934.1279
BTC,2026-07-07T16:00:00Z,2563218021.0242,7232559043.2178
ETH,2026-07-07T16:00:00Z,1515775067.4122,8353601149.5071
SOL,2026-07-07T16:00:00Z,274542974.7635,922121656.8718
BTC,2026-07-08T16:00:00Z,2526172785.1121,6437761094.1815
ETH,2026-07-08T16:00:00Z,1510827982.1361,7709272078.8432
SOL,2026-07-08T16:00:00Z,285049695.18,1034944941.9332
BTC,2026-07-09T16:00:00Z,2492435840.9608,6028785807.0431
ETH,2026-07-09T16:00:00Z,1482880814.6925,5419579580.5062
SOL,2026-07-09T16:00:00Z,279007051.5834,692657833.6022
BTC,2026-07-10T16:00:00Z,2568108026.3488,5795700526.4381
ETH,2026-07-10T16:00:00Z,1515878433.7917,6097203564.1262
SOL,2026-07-10T16:00:00Z,263094300.3902,700669932.3021
BTC,2026-07-11T16:00:00Z,2590719245.1757,2352257028.41
ETH,2026-07-11T16:00:00Z,1551491400.9894,3092866505.4279
SOL,2026-07-11T16:00:00Z,262843785.8806,394466192.624
BTC,2026-07-12T16:00:00Z,2581498973.8269,2483091414.9523
ETH,2026-07-12T16:00:00Z,1560546119.8464,4526577808.3213
SOL,2026-07-12T16:00:00Z,264990694.1072,631401877.831
BTC,2026-07-13T16:00:00Z,2605866899.4096,6741235214.9131
ETH,2026-07-13T16:00:00Z,1469813430.1565,7400467815.2375
SOL,2026-07-13T16:00:00Z,255686336.0437,693708707.0489
BTC,2026-07-14T16:00:00Z,2590714194.8219,7721404882.1567
ETH,2026-07-14T16:00:00Z,1746483981.0734,9125743532.4433
SOL,2026-07-14T16:00:00Z,254616417.5956,741364461.7738
BTC,2026-07-15T16:00:00Z,2622536215.0275,6349177469.7124
ETH,2026-07-15T16:00:00Z,1762989151.1353,8041893753.8407
SOL,2026-07-15T16:00:00Z,252371942.8106,677140652.475
BTC,2026-07-16T16:00:00Z,2588930567.9014,5345229035.9691
ETH,2026-07-16T16:00:00Z,1654501900.6939,7652050417.7693
SOL,2026-07-16T16:00:00Z,246279477.4226,665089239.4216
BTC,2026-07-17T16:00:00Z,2592805384.4882,6421625228.1258
ETH,2026-07-17T16:00:00Z,1580588623.581,7811662608.1814
SOL,2026-07-17T16:00:00Z,247764264.3073,629781828.4837
BTC,2026-07-18T16:00:00Z,2575755224.794,2639247820.0269
ETH,2026-07-18T16:00:00Z,1563670036.5378,2754797717.5706
SOL,2026-07-18T16:00:00Z,248033919.2125,271495345.1329
BTC,2026-07-19T16:00:00Z,2656327879.5727,2959659237.1541
ETH,2026-07-19T16:00:00Z,1589640541.6808,3269055636.3877
SOL,2026-07-19T16:00:00Z,253200292.8601,324521093.5695
BTC,2026-07-20T16:00:00Z,2700101525.1827,7065746086.1989
ETH,2026-07-20T16:00:00Z,1595620884.1604,8116735317.8402
SOL,2026-07-20T16:00:00Z,251199852.3762,723514268.7368
BTC,2026-07-21T16:00:00Z,2830404860.7702,6024096502.2173
ETH,2026-07-21T16:00:00Z,1739563387.1333,7345578352.413
SOL,2026-07-21T16:00:00Z,255268592.5628,493120893.1081
BTC,2026-07-22T16:00:00Z,2666597339.038,5416736308.9933
ETH,2026-07-22T16:00:00Z,1812872634.5598,7004446660.1744
SOL,2026-07-22T16:00:00Z,253628885.9978,477244286.6508
BTC,2026-07-23T16:00:00Z,2633105607.4232,5130994108.0771
ETH,2026-07-23T16:00:00Z,1677904470.717,7212314326.7871
SOL,2026-07-23T16:00:00Z,245662981.4676,551304592.5867
BTC,2026-07-24T16:00:00Z,2670176741.7035,6825222931.0053
ETH,2026-07-24T16:00:00Z,1620345613.0052,7179193159.7886
SOL,2026-07-24T16:00:00Z,249158098.2948,562382169.6173
BTC,2026-07-25T16:00:00Z,2685121805.411,2168491793.3501
ETH,2026-07-25T16:00:00Z,1620381239.23,2366377850.7945
SOL,2026-07-25T16:00:00Z,259051574.5222,304502138.3761
BTC,2026-07-26T16:00:00Z,2608594715.1185,2192592647.4374
ETH,2026-07-26T16:00:00Z,1741136031.6309,3181111238.0438
SOL,2026-07-26T16:00:00Z,252303233.7744,298515593.2079
BTC,2026-07-27T16:00:00Z,2547793372.7022,5621849591.6527
ETH,2026-07-27T16:00:00Z,1754725896.1303,8746517260.5551
SOL,2026-07-27T16:00:00Z,234587980.5016,618754500.3783
BTC,2026-07-28T16:00:00Z,2627097967.0689,6539457038.9402
ETH,2026-07-28T16:00:00Z,1583265157.0805,8258136234.8274
SOL,2026-07-28T16:00:00Z,235343699.0318,639739300.8216
BTC,2026-07-29T16:00:00Z,2540951743.1163,5200210177.9916
ETH,2026-07-29T16:00:00Z,1566172955.3367,6625855824.6913
SOL,2026-07-29T16:00:00Z,229755879.8225,443730684.7584
BTC,2026-07-30T16:00:00Z,2586909207.3327,6531017222.4607
ETH,2026-07-30T16:00:00Z,1615436995.2925,7457420877.4262
SOL,2026-07-30T16:00:00Z,237926533.4764,550935437.3415
BTC,2026-07-31T16:00:00Z,2604878765.7584,6660930589.115
ETH,2026-07-31T16:00:00Z,1613665753.807,6305927451.1883
SOL,2026-07-31T16:00:00Z,240049573.048,466525549.4975
BTC,2026-08-01T16:00:00Z,2573437871.7015,1797744392.259
ETH,2026-08-01T16:00:00Z,1595411608.3104,2075419480.613
SOL,2026-08-01T16:00:00Z,238463984.9218,223520993.3718
BTC,2026-08-02T16:00:00Z,2573390040.3526,3430971406.3229
ETH,2026-08-02T16:00:00Z,1551795836.8422,5017946548.1865
SOL,2026-08-02T16:00:00Z,235827100.1892,516677106.8558
BTC,2026-08-03T16:00:00Z,2568269010.8088,5508192224.4416
ETH,2026-08-03T16:00:00Z,1573852137.6419,6213041684.094
SOL,2026-08-03T16:00:00Z,237632687.4587,434481127.8865
BTC,2026-08-04T16:00:00Z,2565797658.5814,4673747482.9167
ETH,2026-08-04T16:00:00Z,1562754267.7479,4605499117.4353
SOL,2026-08-04T16:00:00Z,231737455.0186,385046959.107
BTC,2026-08-05T16:00:00Z,2565491757.2006,4957824046.9373
ETH,2026-08-05T16:00:00Z,1574339826.1953,4835282206.6066
SOL,2026-08-05T16:00:00Z,234383094.2795,436323019.575
BTC,2026-08-06T16:00:00Z,2603377750.9076,4495609313.0136
ETH,2026-08-06T16:00:00Z,1520998130.2278,6368606453.2081
SOL,2026-08-06T16:00:00Z,234606961.258,436603991.6732
BTC,2026-08-07T16:00:00Z,2636256792.3438,4257036498.9651
ETH,2026-08-07T16:00:00Z,1541491637.8685,4472594050.5119
SOL,2026-08-07T16:00:00Z,233373283.5183,401011270.8082
BTC,2026-08-08T16:00:00Z,2656363916.6622,1755531837.7287
ETH,2026-08-08T16:00:00Z,1549317667.7605,1746129295.5425
SOL,2026-08-08T16:00:00Z,262302784.1268,504214074.9302
BTC,2026-08-09T16:00:00Z,2715282977.5983,1297192933.5329
ETH,2026-08-09T16:00:00Z,1561003857.4151,1522536618.2808
SOL,2026-08-09T16:00:00Z,274229921.257,381103696.3369
BTC,2026-08-10T16:00:00Z,2681403739.0794,3715238703.3744
ETH,2026-08-10T16:00:00Z,1607742953.794,5071932226.6739
SOL,2026-08-10T16:00:00Z,261649138.8895,540179426.2419
BTC,2026-08-11T16:00:00Z,2669623036.388,4406820058.3787
ETH,2026-08-11T16:00:00Z,1578593800.1383,3900593664.077
SOL,2026-08-11T16:00:00Z,258694007.5099,417226297.4408
BTC,2026-08-12T16:00:00Z,2669071774.3235,4754606971.3729
ETH,2026-08-12T16:00:00Z,1527162618.5128,4735069191.577
SOL,2026-08-12T16:00:00Z,245611562.0801,509107280.5333
BTC,2026-08-13T16:00:00Z,2628531160.7719,3792174799.0372
ETH,2026-08-13T16:00:00Z,1519064192.8523,3867220425.2613
SOL,2026-08-13T16:00:00Z,252515595.1588,374395067.3061
BTC,2026-08-14T16:00:00Z,2871551875.5286,4967720987.8555
ETH,2026-08-14T16:00:00Z,1644871583.4381,3565156504.453
SOL,2026-08-14T16:00:00Z,248222611.1518,333722057.3079
BTC,2026-08-15T16:00:00Z,2747803041.8394,1758546178.0523
ETH,2026-08-15T16:00:00Z,1598241037.933,1486806793.4461
SOL,2026-08-15T16:00:00Z,253853265.4776,237450606.8045
BTC,2026-08-16T16:00:00Z,2748936403.6742,618412640.0832
ETH,2026-08-16T16:00:00Z,1598330432.8234,735403515.468
SOL,2026-08-16T16:00:00Z,251790191.9114,143416371.1673
BTC,2026-08-17T16:00:00Z,2667824169.6878,4292736851.8151
ETH,2026-08-17T16:00:00Z,1601686509.188,4223259308.0826
SOL,2026-08-17T16:00:00Z,251029669.2392,424788936.9458
BTC,2026-08-18T16:00:00Z,2758692692.6792,4621246916.312
ETH,2026-08-18T16:00:00Z,1581351002.3905,3824955036.2012
SOL,2026-08-18T16:00:00Z,266078179.8784,386522657.3331
BTC,2026-08-19T16:00:00Z,2849033700.569,9570332966.3338
ETH,2026-08-19T16:00:00Z,1582903139.0001,8611887052.7664
SOL,2026-08-19T16:00:00Z,280498098.1384,864597783.3854
BTC,2026-08-20T16:00:00Z,2881952350.5052,13205566987.4882
ETH,2026-08-20T16:00:00Z,1627949872.2437,17293622068.4518
SOL,2026-08-20T16:00:00Z,300901108.1748,1285666522.461
BTC,2026-08-21T16:00:00Z,2996804849.8298,19054846456.8967
ETH,2026-08-21T16:00:00Z,1663899247.5017,13312384986.0439
SOL,2026-08-21T16:00:00Z,298155006.9363,1381170088.4668
BTC,2026-08-22T16:00:00Z,2970622957.121,7651877226.9876
ETH,2026-08-22T16:00:00Z,1676877098.3972,11682462742.4995
SOL,2026-08-22T16:00:00Z,297028838.1957,1923774140.6657
BTC,2026-08-23T16:00:00Z,2967726194.7893,5433481681.0103
ETH,2026-08-23T16:00:00Z,1690835521.3723,7526521527.4233
SOL,2026-08-23T16:00:00Z,310057868.4392,1031353147.6407
BTC,2026-08-24T16:00:00Z,2978431287.799,8890598543.3967
ETH,2026-08-24T16:00:00Z,1724213419.057,9949074762.8077
SOL,2026-08-24T16:00:00Z,312617224.3852,1037240889.2229
BTC,2026-08-25T16:00:00Z,2972051342.756,10568495427.3537
ETH,2026-08-25T16:00:00Z,1753653813.0141,8523052567.658
SOL,2026-08-25T16:00:00Z,353449925.34,1790481256.9028
BTC,2026-08-26T16:00:00Z,2946432137.1844,6452817469.591
ETH,2026-08-26T16:00:00Z,1758514705.377,6376079830.8646
SOL,2026-08-26T16:00:00Z,334243043.6866,906386418.7834
BTC,2026-08-27T16:00:00Z,2950906168.0373,6992170019.6367
ETH,2026-08-27T16:00:00Z,1798629784.8439,9126916866.2881
SOL,2026-08-27T16:00:00Z,411000522.794,2079524759.0378
BTC,2026-08-28T16:00:00Z,2890575518.4013,8423273074.5382
ETH,2026-08-28T16:00:00Z,1720588261.5094,7632146625.3974
SOL,2026-08-28T16:00:00Z,386773376.789,2195142579.9146
BTC,2026-08-29T16:00:00Z,2896995883.5987,4998910022.0291
ETH,2026-08-29T16:00:00Z,1773951068.7871,4527215303.8928
SOL,2026-08-29T16:00:00Z,382901002.9909,941377859.1273
BTC,2026-08-30T16:00:00Z,2893889840.0514,2531291178.8595
ETH,2026-08-30T16:00:00Z,1814560543.6147,2555533106.6295
SOL,2026-08-30T16:00:00Z,391315942.8168,731410820.174
BTC,2026-08-31T16:00:00Z,2839063200.5322,6923035173.9363
ETH,2026-08-31T16:00:00Z,1749967040.3547,10150121112.1639
SOL,2026-08-31T16:00:00Z,355032723.9305,1519708906.2141
BTC,2026-09-01T16:00:00Z,2854759629.6793,5610147170.075
ETH,2026-09-01T16:00:00Z,1795892320.7014,5300419522.6073
SOL,2026-09-01T16:00:00Z,361417356.7888,966190443.3002
BTC,2026-09-02T16:00:00Z,2957729996.1196,7758115529.2393
ETH,2026-09-02T16:00:00Z,1846520260.6258,9463709392.1897
SOL,2026-09-02T16:00:00Z,343405008.8224,1256173267.1632
BTC,2026-09-03T16:00:00Z,3059640951.8624,8624374091.2202
ETH,2026-09-03T16:00:00Z,1812723165.9564,8382638592.8903
SOL,2026-09-03T16:00:00Z,352969720.2079,1285352519.5037
